doc_id,date,text
1,7/17/2020,"$174 Million Drone Program for Afghans Is Riddled With Problems, Pentagon Says"
2,8/30/2020,Psychedelic Therapy In the Jungle Soothes The Pain for Veterans
3,6/2/2021,Morocco Sends Spanish Outpost a Migrant Influx
4,12/20/2020,‘It’s a Lie’: Denial and Skepticism Permeate a Nation Embroiled in War
5,9/11/2021,‘Everything Changed’: Media Face Crackdown
6,9/1/2021,"‘Finally, I Am Safe’: Thousands Find Temporary Refuge at U.S. Air Base"
7,6/3/2021,‘Find Him and Kill Him’: A Pilot’s Desperate Escape From Kabul
8,9/9/2021,Soccer Players Under Threat Escape to Italy
9,3/17/2020,Plan Would Inject $1 Trillion Into Economy  
10,5/1/2020,"As Pandemic Takes Toll on Afghan Doctors, Hospitals Still Tend to War Wounded"
11,1/12/2021,"In Kabul, Slips of Paper to Avert Nameless Death"
12,11/23/2020,"Surrounded by Violence, Yet Captivated by a Virtual Battlefield"
13,8/27/2020,Floods Compound Afghanistan’s Misery of Pandemic and Unrelenting War
14,2/27/2021,"In Secret Taliban Prisons, Each Day Brings Terror"
15,7/22/2021,Veterans Feel Urgency to Aid Afghan Allies
16,10/19/2020,Crisis Erases Farmers’ Income From a Reliable Crop: Hashish
17,7/7/2021,Vietnamese Veterans See Echoes of 1975 in Afghanistan
18,12/9/2020,How Biden’s Defense Nominee Overcame Barriers to Diversity
19,11/7/2020,Israeli C.E.O.s and Emirati Investors Click in the Desert
20,9/14/2021,"Women on Loving, Fearing, and Leaving Afghanistan"
21,8/22/2021,‘No One Quite Knows What to Say’: 20-Year War Ends With Few Answers
22,4/14/2021,Veterans of Afghan War Feel Torn Over Pullout
23,8/20/2021,‘We Risk Everything’: Whisper Opposition Takes Hold in Belarus
24,12/16/2020,Taliban Use Lethal ‘Sticky Bombs’ Nearly Daily to Terrorize Afghans
25,7/5/2020,"How Biden, by Turns Genial and Blunt, Built Diplomatic Bridges"
26,1/17/2021,Fear of Sudden Death Governs Capital as Attacks Pick Off Afghans
27,7/18/2021,Turkey Fumes While Accusing Greece of Setting Migrants Adrift at Sea
28,9/13/2021,Blinken Rejects Criticism Of Afghanistan Pullout
29,8/30/2021,"As Panicked Afghans Seek Help, Lawmakers Say, ‘We Have to Try’"
30,8/17/2021,‘Our Hearts Are Crying’ For Family Left Behind
31,9/10/2021,‘She Was Alone’: One Official’s Harrowing Escape From Kabul
32,8/29/2021,"After Escaping Kabul, Afghans Are Struck With Worry, Uncertainty and Despair"
33,5/9/2021,‘Why Do We Deserve to Die?’ Burying Hazara Girls in Kabul
34,4/4/2020,Man Armed With Knife Kills 2 in French Town Under Lockdown
35,4/27/2021,Journalists Killed in Burkina Faso
36,8/25/2021,Members of Congress Ducked Into Kabul to See Evacuations
37,9/11/2021,A War Rages On In the Shadows
38,8/3/2020,29 Are Dead in 2-Day Islamic State Raid on Afghan Prison
39,2/22/2021,Militants Kill 4 Pakistani Aid Workers in District Near Afghan Border
40,2/29/2020,Table Is Set For a Pullout And Talks
41,9/10/2021,Trudeau Absorbs Attacks In the Election Debates Among Five Candidates
42,8/21/2021,New Wave of Refugees Faces A Much Chillier U.S. Welcome
43,8/29/2021,98 Countries Pledge to Accept Afghans After U.S. Departure
44,8/19/2021,"Boy, 17, Died in Fall From U.S. Plane"
45,8/27/2021,Rescue Flight To Germany Inspires Name For Newborn
46,3/4/2020,E.U. Tries to Tread Line In Greek-Turkish Clash On Admitting Migrants
47,5/11/2021,Marines Put Black Leader In Charge Of Top Unit
48,7/23/2021,"Canada Opens to Vaccinated, But It’s a Trickle at the Border"
49,9/21/2021,A Botched U.S. Drone Strike in Kabul Started With the Wrong Car
50,1/20/2021,"A Call for the Return of Civility, And Truth as a Guiding Light"
51,5/21/2020,"‘I Was Drugged and Raped,’ Heard in a Candidate’s #MeToo-Tinged Ad"
52,5/13/2021,A City’s Last Defenders as the Taliban Closes In
53,3/4/2021,"Worried About His Students, College President Moves Into the Dorms"
54,12/19/2020,Public Apathy and Conspiracy Theories Are Feeding a Second Wave
55,9/24/2021,A Desperate Evacuation of Afghan Nonprofit Workers
56,8/28/2021,A ‘Digital Dunkirk’: U.S. Veterans Scramble to Help Afghan Allies
57,12/29/2020,An Officer’s Double Life Puts Germany on Trial
58,5/15/2021,Fragile Cease-Fire in Afghanistan Lets Muslims Risk Travel for Holiday
59,12/31/2020,A Town Warily Considers a Future Without a Large U.S. Presence
60,7/22/2020,Behind a Girl’s Gunfight With the Taliban: A Family Feud
61,9/20/2021,Grim New Reality for Afghan Women and Girls
62,8/28/2021,"Scenes From the Fall of a City, And a Farewell to Hopeful Days"
63,9/13/2021,"Millions of Afghans Are in Peril As Food Runs Out, U.N. Warns"
64,11/27/2020,"Empty Pockets and No Home After 1,500 Miles"
65,9/24/2021,How Kyiv Rescued 96 Afghans. Nerves of Steel Helped.
66,2/17/2021,Away From Buckingham Palace but Not Out of the Spotlight
67,6/30/2020,U.S. Officials Warn Russia Of China’s Nuclear Threat
68,6/4/2020,Man Who Shot U.S. Advisers Is Set Free In Afghanistan
69,10/22/2020,"Extremist Cleric Is a Reminder of Taliban Rule, and Perhaps a Preview"
70,7/30/2020,An Anti-Tank Guided Missile  Strikes an Afghan Helicopter For the 2nd Time This Year
71,6/4/2021,"Urban Climbing Calmed His PTSD, but May Land Him in Prison"
72,3/8/2020,U.S. Lawmakers Balk Over Secret Benchmarks Within Taliban Peace Accord
73,5/31/2021,Return Mission Finds Ruins of Failed U.S. Policy
74,10/18/2020,"Taliban Claims to Defeat Revered Female Warlord, Seizing Propaganda Win"
75,8/26/2021,"Stranded Interpreter, Increasingly in Danger, And His U.S. Soldiers"
76,9/9/2020,President Says Military Fuels War Industry. Pentagon Erupts.
77,8/25/2021,"He Fled Afghanistan, And Headed for Open Water"
78,8/25/2021,Women Warned to Stay  Home to Avoid Fighters
79,2/24/2021,Top Democrat Doesn’t Want Troops to Quit Afghanistan
80,3/19/2021,A Top Woman in Canada’s Military Issues a Rebuke
81,11/4/2020,A Transfixed World Awaits What’s Next in America
82,10/23/2020,"Awaiting Term’s End, Defense Secretary Is Already Acting Like an Ex-Official"
83,4/17/2021,A Pennsylvania Town Exhales at a War’s End
84,5/27/2021,Afghan Bases Fall to Taliban as U.S. Heads Out
85,8/15/2021,"After Week Under New Rulers,  Kunduz May Be Hint of Future"
86,12/9/2020, The Year in Pictures: Scenes From a Defining Era
87,5/13/2021,McMaster Was Said to Be Target In Plot to Vilify Trump ‘Enemies’
88,2/15/2021,Lonely Quest To Repudiate Trump Wing
89,12/2/2020,Afghans Agree  With Taliban  On Procedure  For Peace Talks
90,5/1/2021,Afghan Attack Kills 27 In Sign Peace Deal Is Off
91,7/26/2021,"Afghan Civilian Deaths Soar, Monitors Say"
92,2/23/2021,Afghan Civilian Casualties Rose After Peace Talks’ Start
93,7/1/2020,"Afghan Contractor Gave Out Russian Cash, Officials Say"
94,6/27/2020,"Despite Peace Deal, Violence in Afghanistan Surges"
95,8/30/2021,"In Kabul, Kin Say 10 Died  In Errant Hit By U.S. Drone"
96,8/23/2021,Afghan Fiasco Shows Fault Lines in NATO
97,2/25/2021,Afghanistan  Files Brief For Return  Of Detainee
98,12/10/2020,Afghan Journalist Is Killed in Latest Attack on Media
99,11/29/2020,"Afghan Leader Hampers Peace Talks, Officials Say"
100,1/10/2021,Media Clampdown Stifles Data on Afghan War Deaths
101,3/1/2020,First Stumble on Road To Peace Deal: Release Of Taliban Prisoners
102,9/10/2020,Afghanistan And Taliban Set to Begin Peace Talks
103,9/3/2020,Afghan Talks Set to Begin  As Prisoner Swap Finishes
104,9/13/2021,Ally Pilots Who Had Escaped to Safety In Uzbekistan Are Taken to U.S. Base
105,5/16/2020,Afghans’ Power-Sharing Accord  Honors Official Accused in Rape
106,4/10/2021,Afghan Security Fears Mount As Leader’s Influence Withers
107,3/10/2020,"In a Reversal, Afghanistan’s Leader Agrees to a Phased Release of Taliban Fighters"
108,4/7/2020,"Taliban Pulls Out of Talks as Prisoner Swap Collapses, Imperiling U.S. Deal"
109,8/23/2021,"A 1,400-Mile Trek to Turkey Only to Be Told to Turn Back"
110,5/17/2020,"Afghan Rivals Divide Power, Ending Fight Over Election"
111,5/24/2020,"For the First Time Since 2018, the Taliban Agree to a Cease-Fire With Afghan Forces"
112,8/24/2020,Soccer Official Evades Arrest By Afghan Forces for Assault
113,9/23/2021,Uyghurs Fear Taliban Will Deport Them to China
114,9/9/2020,"Afghan Vice President, Staunch Taliban Foe, Survives Blast That Kills 10"
115,7/30/2021,221 Afghans Arrive in U.S. As Visa Evacuations Begin
116,4/18/2021,"With Much to Lose, Afghan Women Fear Stifling Return to Past"
117,9/1/2021,Afghanistan Before the Fall
118,8/12/2021,Two Major Cities on Brink of Takeover
119,8/28/2021,Collapse of Afghanistan And Strikes in Somalia Raise Questions on Drones
120,5/2/2020,Afghans Say Iran Killed Dozens of Migrants
121,9/12/2020,"Afghanistan Peace Talks Open, Seeking to End 40 Years of Bloodshed"
122,8/13/2020,Afghanistan to Investigate Film Of Mutilation of Taliban Bodies
123,8/9/2020,Afghan Council Agrees to Release Taliban Prisoners
124,3/1/2020,A Mission Shift for Afghanistan
125,8/13/2021,U.S. Afghan Departure Strikes Another Blow To American Credibility
126,9/8/2021,Afghans Flee to Pakistan.  Uncertain Future Awaits.
127,5/6/2021,"Desperate Afghans Flee Home, Taking Grim Jobs in Istanbul"
128,9/3/2021,"Stranded and Afraid, Afghans Who Worked for U.S. Seek Any Way Out"
129,4/14/2021,"After 2 Decades of Turmoil, Afghans Face Still More Uncertainty"
130,8/24/2020,Africa Cheers As Wild Polio Is Eradicated
131,5/25/2020,"Black Troops Fight at the Front, But Rarely Get Jobs at the Top"
132,10/28/2020,Taliban Leader Faces Charges In Abduction Of Journalist
133,6/15/2020,"Sudanese Militia Leader, a Fugitive for 13 Years, Appears in Court"
134,2/29/2020,"Will Truce Lead to Lasting Peace? For Trump, It May Not Matter"
135,8/16/2021,‘He’s a Coward’: Ghani’s Exit Infuriates His Countrymen
136,9/2/2020,Afghan Women Celebrate a Small Victory
137,8/27/2021,Family That Worked With U.S. Buries a Father and Their Hopes
138,4/13/2021,"For Biden Nominee, a Chance to Use Soft Power to Ease Global Conflicts"
139,3/23/2021,3 Women Take Lead Roles On Capitol Security Team
140,1/18/2021,"As Capitols Become Citadels, Far-Right Protesters Are Mostly No-Shows"
141,8/26/2021,An ISIS Offshoot Claims Responsibility As Terror Groups Find a New Foothold
142,9/18/2020,Migrant Fatigue Grips an Apathetic Europe
143,9/13/2020,"Their Camp in Ashes, Refugees Fear It Will Be Rebuilt"
144,9/1/2021,"After Swift Victory, Taliban Scramble to Govern"
145,9/4/2020,Democrats See a Chance To Earn Military Votes
146,9/4/2020,Democrats See a Chance To Earn Military Votes
147,9/12/2021,"After 9/11, Boston Sought Someone to Fault. It Settled on Her."
148,8/27/2021,"U.S. Enters ‘Cooperative’ Phase With Taliban, Drawing Criticism From All Sides"
149,6/10/2020,Troops Shaken By War Tactics In City Streets
150,9/8/2021,"For the Aid Workers Still in Afghanistan, Hurdles at Every Turn"
151,10/27/2020,"Al Qaeda Suffers Losses to Leadership, Yet Remains Resilient"
152,11/14/2020,Qaeda’s No. 2  Killed in August  In Iran Capital 
153,8/28/2021,"Biden Saw Afghan Choice As Either All In, or All Out"
154,8/21/2021,America’s Afghan War: Drawing Down an Unwinnable Conflict
155,1/6/2021,‘It Shakes the World’: Allies Voice Shock and Dismay at Incursion
156,8/29/2021,"College Students Dodging Taliban  Are Left Behind, Fearing for Lives"
157,3/19/2020,Americans Held in Iran And Lebanon Are Freed
158,5/25/2020,"With Masks at Beaches, Nation Marks Muted Holiday"
159,9/6/2021,The Welcome Mat Is Out for Afghan Refugees
160,4/30/2020,"Leaning on ‘Powerful’ and ‘Strong,’ Trump Has No Words for Grief"
161,8/27/2021,Kabul Bombing Derails C.I.A.’s Pivot Away From Counterterrorism
162,9/29/2021,"Amid Tensions With U.S., Erdogan Meets With Putin to Talk Military Deals"
163,8/28/2021,Americans Mourn 13 Fallen Troops In Final Days of War in Afghanistan
164,10/9/2020,Rare Response to Accusations Afghan Boy Was Fatally Raped: Arrests
165,3/29/2021,"China Takes Message on the Road, Challenging U.S. for Global Leader Role"
166,10/31/2020,‘It Makes My Hair Stand Up’: A Vacated Afghan Post Haunts Marines
167,8/16/2021,A Soviet Echo  As Forces Flee Over a Bridge
168,5/7/2020,Ex-Green Beret at Center  Of Failed Venezuela Plot
169,11/10/2020,Some on Left Fear Biden’s Situation Room May Look a Lot Like Obama’s
170,2/28/2021,An Old Legal Doctrine Puts War Crime Suspects Within the Reach of Justice
171,12/1/2020,Leader of ISIS Task Force Ousted in Pentagon Purge
172,6/29/2020,Afghan Car Bomb Dims Another Promising Light
173,9/20/2021,Pentagon Panel Overturns Army Judge’s Ruling on Use of Torture for Evidence
174,9/1/2021,Arizona’s Embattled Governor Joins G.O.P. Anti-Mask Cause
175,1/3/2021,Armed Attackers Kidnap and Kill 11 Miners in Pakistan
176,5/29/2020,Promotion Pulled for Officer Over Niger Ambush
177,8/8/2021,3 Afghan Cities  Fall to Taliban
178,7/2/2021,"In Kabul, High Tension and an Air of Unreality"
179,9/6/2021,"As Afghan Refugee Crisis Unfolds, Koreans Recall ‘Miracle’ Evacuation"
180,8/22/2021,"20 Years Ago, a Lone U.S. Representative Warned Against ‘Perpetual War’"
181,3/18/2021,A Pivotal Reset On China Policy By Biden’s Team
182,8/22/2021,"As Biden Faces Political Crisis, the Democratic Party Looks On in Alarm"
183,6/13/2021,"Facing a More Skeptical U.S., Erdogan Tempers His Defiant Tone"
184,9/27/2020,"Virus Closed Schools, and World’s Poorest Children Went to Work"
185,7/31/2021,"As Taliban Stoke Fear, Multitudes Flee Afghanistan"
186,9/15/2021,Democrats’ Strategy on Debt Ceiling: Discredit McConnell
187,6/10/2021,Diversity Push Inside Military Spurs Backlash
188,9/30/2021,"As a Crisis in Afghanistan  Is Growing Dire, Aid Groups  Are Pleading for Assistance"
189,7/3/2020,German Force  Fears Inroads  By Neo-Nazis
190,9/4/2020,"As Others Condemn Dissident’s Poisoning, Trump Just Wants to ‘Get Along’"
191,3/19/2020,U.S. Strengthens Its Warning on Travel
192,11/21/2020,Pompeo Sees Negotiators Just After Kabul Attack
193,5/21/2020,Family of Saudi Ex-Officer Who Is Hiding in Canada Became a Target at Home
194,8/5/2021,"As Taliban Advance, U.S. Clings to Hope for Peace"
195,8/8/2021,Signal as U.S. Mission Ends: You’re on Your Own
196,9/8/2021,"As Taliban Crush Dissent, New Leaders Face Cascading Challenges"
197,8/13/2021,Pressure on Pakistan as Taliban Advance
198,8/29/2021,Reports of Detentions and Executions Despite Taliban Vow of Amnesty
199,6/29/2021,Last Stand in Exit Plan Is Kabul Airport Security
200,9/15/2020,The United Nations Turns 75 Amid Calamity and Conflict
201,8/10/2021,"As U.S. Exits Afghanistan, History Implies It May Have to Return"
202,3/22/2020,U.S. Troops’ Afghan Exit Ties Embassy’s Fate to a Fragile Peace Process
203,8/27/2021,"In Frantic Crowd, a Suicide Bomber Hid in Plain Sight"
204,6/10/2021,U.S. Visas Can Be a Life-or-Death Matter for Afghan Interpreters
205,6/1/2020,"As Toll Preoccupies U.S., Rivals Test the Limits of American Power"
206,6/17/2021,Congress Revisits President’s Powers To Authorize Use of Military Force
207,11/18/2020,Asylum Seeker Faces Charges in Son’s Death at Sea
208,10/5/2020,It Was Their Fathers’ War. They Aim to End It.
209,9/27/2021,New Taliban Chancellor Bars Women From Kabul University
210,3/2/2020,"At the Center of the Taliban Deal, a U.S. Envoy Who Made It Personal"
211,8/26/2021,U.S. Rescue of All Afghan Allies by Deadline Appears Increasingly Unlikely
212,7/20/2020,Boat Sinks In Turkey; At Least 60 Are Dead
213,7/29/2021,Flash Flood  Kills Scores  In Area Run  By Taliban
214,3/18/2021,At Least 9 Die in Crash of Afghan Military Copter After Clashes With Local Militia
215,5/28/2021,Harris Speaks of ‘Fragile’ World at Naval Academy Commencement
216,9/25/2020,Pentagon Leaders Worry Trump Will Drag Military Into Election
217,9/11/2021,"At Pro-Taliban Rally, a Sign of America’s Failure: Droves of Veiled Faces"
218,9/21/2021,Biden Reasserts Role of America In World Affairs
219,6/9/2021,Afghan Attack Kills 10  From Land Mine Charity
220,6/22/2021,"As Taliban Attack, Civilians Are Taking Up Arms"
221,11/30/2020,Australia Condemns Chinese Official’s ‘Disgusting Slur’ of Soldiers
222,11/27/2020,Australian Military to Dismiss Soldiers After Report on Killings And Cover-Up in Afghanistan
223,7/17/2021,"A Country Returns to Militias, and an Old, Chaotic Path"
224,9/14/2021,Quest to Curb War Powers Of President Faces New Test
225,9/15/2021,E.U. Hails Covid Success but Warns of ‘Pandemic of the Unvaccinated’
226,2/8/2021,"Before Disaster, India Ignored Warnings of Dams’ Risks"
227,1/16/2021,"Before Capitol Riot, Thousands Made Small Donations Online"
228,8/7/2021,Haiti Assassination Spotlights Colombia’s Growing Mercenary Industry
229,8/9/2021,"One Year After He Crushed Protests, Belarus Leader Lashes Out at West"
230,6/22/2020,"E.U. Leaders Press China on Trade Talks, With Scant Results"
231,5/18/2021,U.S. Approves Release for 3 At Guantánamo
232,7/10/2021,U.S. Is Reluctant to Send Soldiers to Haiti Conflict
233,4/15/2021,U.S. to Place New Sanctions
234,7/19/2021,Biden Administration Sends Guantánamo Detainee to Morocco
235,9/1/2021,Ukraine Leader  Finally Reaches  The Oval Office
236,9/11/2021,Bush and Biden Join in Seeking Unity Amid Grief
237,1/26/2021,"In First Call, Biden and Putin Agree to Extend Nuclear Treaty"
238,6/16/2021,Presidents Joust Even as They Seek to Ease Relations
239,3/25/2021,Biden Laces Into G.O.P.  On ‘Un-American’ Bids  To Limit Voting Rights
240,12/19/2020,"On Philosophy, Biden Cabinet Leans Centrist"
241,9/30/2021,"Biden Strives to Be the Anti-Trump, but He Is Finding It’s Not So Easy"
242,9/24/2021,"Amid Inquiry, President Condemns Border Agents Who Mistreated Haitians"
243,6/28/2020,Biden Scolds Trump Over Report on Russian Bounties on U.S. Troops
244,9/22/2021,Biden Declared the War Over. But the Wars Go On.
245,9/1/2021,Spurning Critics Biden Calls Exit Notable Success
246,8/20/2021,Despair in Kabul Undercuts Biden on Rescue Effort
247,8/27/2021,Worst Fear for President Who Hoped For End to Military Condolence Calls
248,6/6/2021,"U.S. Says ‘We’re Back,’ but Europe Still Recalls Trauma of Trump Years"
249,12/24/2020,"Biden Expected to Build On Relations With India, Affirming Human Rights"
250,12/11/2020,"Biden Selects Two Familiar Names, but for Surprising Cabinet Roles"
251,8/3/2021,Biden Administration Is Open to Tightening Law Authorizing War on Terror
252,4/23/2021,Officials Suggest Global Image May Be Moderating Force on Taliban
253,1/22/2021,"U.S. to Target Russian Hacking,  Even as It Seeks Accord on Arms"
254,12/8/2020,Biden to Choose Retired General To Lead Defense
255,9/1/2021,"As Debate Rages On, Biden Plays Long Game"
256,4/21/2021,Biden to Declare Ottomans’ Atrocities Against Armenia Were Genocide
257,8/21/2021,A Presidency And Its Values Put to the Test
258,8/18/2021,Britain Smarts as Biden Leaves Top U.S. Ally Out of Withdrawal Decision
259,8/29/2021,Biden Receives Remains of Service Members After Terrorist Attack
260,6/26/2021,"In Meeting With Afghan Leader, Biden Pledges Aid After U.S. Withdrawal"
261,8/18/2021,"Troops May Stay Longer In Kabul, Biden Says"
262,6/30/2020,"Biden, in Blistering Speech, Says Trump ‘Surrendered’ to the Coronavirus"
263,3/17/2021,"Afghanistan Exit by May 1 Will Be Tough, Biden Says"
264,4/29/2021,Biden Makes Case to Vastly Expand Government Role
265,3/5/2021,Biden Seeks Update for Much-Stretched Law That Authorizes the War on Terrorism
266,7/2/2021,Achieving a U.S. Exit While Avoiding a Sense of Abandonment
267,8/16/2021,"Facing Afghan Chaos, Biden Defends Exit"
268,8/25/2021,"Rebuffing Allies, Biden is Sticking to Exit Deadline"
269,6/27/2020,"Closing Guantánamo May Be Politically Toxic, but Biden Remains on Board"
270,7/26/2021,"In Winding Down Wars, Biden Takes Two Paths for Iraq and Afghanistan"
271,12/16/2020,Former Rival As Partner For Agenda On Climate
272,9/20/2021,Biden to Endorse Plan to Deliver More Vaccines to Poorer Countries
273,2/3/2021,Gutted System Will Test Biden Vow to Welcome More of World’s Needy
274,4/13/2021,Biden Sets End Date for Nation’s Longest War
275,9/3/2021,Biden Tours New Orleans And Its Hurricane Damage
276,11/7/2020,Relief and Joy Overseas: ‘Welcome Back America!’
277,1/30/2021,"Visiting Troops, Biden Recalls His Own Past At Walter Reed"
278,8/27/2021,President  Underscores ‘Partnership’ With Israel
279,7/10/2021,Biden Cautions Putin to Control Cybercriminals
280,11/23/2020,Yellen to Treasury in Cabinet Full of Firsts
281,4/15/2021,‘It Is Time to End the Forever War’
282,8/29/2020,"Biden, Addressing National Guard, Counters G.O.P. Convention Claims"
283,4/15/2021,"As U.S. Exits, Pakistan Sees A Door Open"
284,8/20/2021,Clarifying Biden’s Take of Evacuation
285,8/26/2021,Biden’s Meeting With Israeli Leader to Reset Relations Is Pushed Back by One Day
286,11/25/2020,Biden Picks Team Set on Fortifying World Alliances
287,12/8/2020,Congress Frets Over General In Civilian Job
288,4/21/2021,Pullout From Afghanistan Gives Guantánamo Detainees Hope for Release
289,9/10/2021,Vaccine Push Aligns Biden  With a Frustrated Majority
290,10/27/2020,Explosion Kills Eight At Madrasa In Pakistan
291,7/16/2021,Pakistan Blast That Killed 13 Was a Terrorist Attack
292,5/4/2021,U.S. and G7 Allies Focus On ‘Democratic Values’
293,2/23/2021,"Blinken Is Mending Diplomatic Fences, Without Leaving Home"
294,3/24/2021,"In Europe, Blinken’s Warm Words for Allies Don’t Hide Differences"
295,11/19/2020,Blood Lust and Demigods:Behind Slaughter of AfghansBy Elite Australian Squadron
296,8/1/2020,Plans for German ‘Day X’  Show Revival of Far Right  
297,7/31/2021,"Body of Reuters Photojournalist Was Mutilated in Taliban Custody, Officials Say"
298,8/17/2021,Body Parts  Found Inside  Landing Gear Of U.S. Plane
299,6/17/2020,Bolton’s Book Says Trump’s Offenses Exceeded Ukraine
300,5/8/2021,"Explosions Rock School in Kabul, Leaving 30 Dead"
301,7/31/2020,Afghans’ Clash  With Pakistan Over Border  Kills 15 People
302,8/26/2021,Border Standoff Sharply Highlights E.U. Fears of a New Influx
303,9/23/2021,U.K. Leader Tells Jokes But Makes Little News During Visit to the U.S.
304,5/13/2020,18 New Lives Born Into Carnage and Confusion
305,7/2/2020,Uproar Over Bounties Obscures Trump’s Progress in Exiting Afghanistan
306,4/24/2021,Biden Recognizes Ottoman-Era Massacre of Armenians as Genocide
307,5/31/2021,Britain Speeds The Relocation Of Interpreters In Afghanistan
308,8/28/2021,"Britons, Unfazed by High Infection Rates, Weigh Their ‘Price of Freedom’"
309,8/25/2021,Resistance to Taliban Gets a New Face
310,4/20/2021,Bush Scorns G.O.P. Turn On Borders And Trade
311,5/25/2020,‘It’s a Free-for-All’: Libya’s Slide Into Mercenary War
312,11/25/2020,C.I.A. Officer Is Killed In Combat in Somalia
313,6/6/2021,Afghan Exit  Forces C.I.A.  To Scramble
314,8/29/2020,"9 Years Later, F.B.I. Agent Who Protested  Torture Gets to Tell Entire Story in Memoir"
315,9/7/2021,Biden Calls ‘Code Red’ on Climate in Pushing $1 Trillion Infrastructure Plan
316,8/30/2021,"Still Broadcasting From Afghanistan, but Nervously"
317,2/25/2021,Canada’s Top Military Officer Steps Aside Amid Investigation
318,7/22/2021,Canada’s Veterans Assist  Vulnerable Interpreters
319,4/6/2021,Star Witnesses Against Rioters: Their Online Boasts
320,11/25/2020,Cluster-Bomb Casualties Nearly Doubled in 2019
321,11/25/2020,Cluster-Bomb Casualties Nearly Doubled in 2019
322,4/20/2021,"Caving to Islamists, Pakistan Weighs Expelling French Envoy"
323,6/23/2020,"Census Bureau Adds Top-Level Political Posts, Raising Fears for 2020 Count"
324,4/29/2021,U.S. Afghan Exit May Fan Border Strife in Central Asia
325,8/16/2021,Racing to Get Out as Desperation and Fear Set In
326,8/22/2021,Chaos at Airport as Taliban Work on Creating State
327,8/31/2021,Problems Postpone Guantánamo Arraignment
328,9/7/2021,Flights Delayed as U.S.  And Taliban Work It Out
329,7/9/2021,"In Surprise Move, Chief Guantánamo Prosecutor Is Retiring Before 9/11 Trial"
330,7/15/2021,China Is Wary Of U.S. Pullout In Afghanistan
331,2/19/2021,"Another Olympics Invitation From China, Like It or Not"
332,7/28/2021,China Hails Role of Taliban in ‘Peaceful Reconciliation’ in Afghanistan
333,4/13/2021,Intelligence Report Says  China Poses Top Threat
334,12/14/2020,China’s Nationalists Sneer at U.S. Troubles
335,9/20/2021,"Big Week for U.N., With Climate, Covid and Biden’s Credibility Issues in Backdrop"
336,5/19/2020,Afghan Forces Bomb Clinic as Fight Against Taliban Engulfs Country
337,8/18/2021,Coaxing and Threats Secured Victory
338,7/29/2021, $2.1 Billion For Security And Afghans  Is Approved
339,9/2/2021,"Defying President, Congress Prepares to Increase the Pentagon’s Budget"
340,7/9/2020,Top General Says He’ll Be ‘Outraged’ if Bounties Are True
341,3/31/2020,Congressman  To Deploy With Guard
342,1/2/2021,Traveling the World Without Leaving the Kitchen
343,4/28/2020,"For China’s Red Cross, It’s Hard To Put People Before the Party"
344,4/10/2020,"In a World of Migrant Workers, a World of Risk"
345,8/11/2021,Could the Taliban Take Control of Afghanistan?
346,1/6/2021,Pakistan Court  Abolishes Tests  For ‘Virginity’  In Rape Cases
347,3/29/2020,Lengthy War In the Sahel Strains France
348,3/29/2020,Lengthy War In the Sahel Strains France
349,7/16/2021,Pulitzer Prize-winning Photojournalist  From Reuters Is Killed in Afghanistan
350,5/3/2021,Dismantling 20 Years of War in Southern Afghanistan
351,10/24/2020,Suicide Attack At Tutor Center Kills at Least 18 In Afghanistan
352,11/3/2020,"Assault on University Students Targets Afghanistan’s Future, Erasing Hopes"
353,8/4/2021,Push to Repeal Power for War Divides G.O.P.
354,4/17/2021,"Debating Exit, Biden Rejected Generals’ View"
355,8/22/2021,Divided Democrats Resume House Battles Over Priorities and Politics
356,9/29/2021,"Top 3 U.S. Defense Officials Face House Panel, a Day After Senate Testimony"
357,6/23/2021,Defense Secretary Backs Changes to Policies on Sex Assault
358,6/18/2020,A Losing Battle in the Military
359,10/21/2020,Afghan Women Killed In Stampede for Visas  To Travel to Pakistan
360,9/4/2021,Democrats Hit Road to Sell Ambitious Budget
361,7/28/2020,Democrats Are Investigating End of Ban on Silencer Sales
362,9/29/2021,Democrats Seek Way to Protect Biden’s Agenda
363,9/20/2021,Spending Bill to Be Tied to Debt Ceiling
364,6/19/2021,Afghan Pilots  Dread Absence  Of Contractors
365,8/18/2021,Rushing to Erase Proof Of Working With U.S.
366,8/21/2021,Afghans Describe ‘Terror’ As Hopes of Escaping Fade
367,8/23/2021,"U.S. Passed on Taliban Surrender, and 20 Years of War Followed"
368,3/22/2021,Does a Men-Only Draft Violate the Constitution?
369,6/30/2021,"Donald H. Rumsfeld, Ex-Defense Secretary, Dies at 88"
370,8/25/2021,"Amid Debacle in Kabul, Rumsfeld Is Laid to Rest"
371,11/24/2020,"As Attacks Continue in Afghanistan, World Donors Pledge Less Aid"
372,8/21/2021,Global Needs and Past Misuse of Donations Threaten Haiti’s Recovery
373,4/19/2020,"Dozens Fall Ill At the Palace Of the Leader, Officials Say"
374,8/20/2021,"Gino Strada, 73, Surgeon Who Brought Medicine  To the Front Lines of War"
375,7/11/2021,Institutional Weakness Compounds Predicament Of Haiti’s Power Struggle
376,3/17/2020,Hunter Given  Prison Term  Of 11 Months In Fraud Case
377,9/23/2020,E.U. Offers Members Cash in Plan for Migrants
378,3/13/2020,E.U. Offering Migrants Cash to Leave Greece
379,8/24/2021,"Eager to Shift Narrative,  Biden Team Puts Airlift In Historical Perspective"
380,6/17/2021,"As U.S. Speeds Its Withdrawal,  Taliban Hit Elite Afghan Forces"
381,5/19/2020,G.O.P. Pins House Hopes on Profile That’s Lifted Democrats
382,5/19/2020,G.O.P. Pins House Hopes on Profile That’s Lifted Democrats
383,3/7/2020,Ex-Spies Recruited in Push To Attack Liberal Groups
384,2/21/2021,Trump Ally Denies Role In $80 Million Scheme To Back Libyan Leader
385,11/8/2020,"Europe Lauds Biden, but Trust in U.S. Is Shaken"
386,2/16/2021,European Rights Court Backs Germany Over Killings of 90 Afghan Civilians
387,7/14/2021,Evacuation of Afghan Allies Is Set to Begin As U.S. Withdrawal Enters Its Final Phases
388,8/28/2021,Frenzied Exit From Kabul Nears End as the President Cites a New Terror Threat
389,3/20/2021,"For Afghan Minorities, Getting an Education Means Risking Death"
390,4/23/2020,"Trump’s Pen Halts Green Cards, but Leaves Loopholes"
391,3/25/2020,"Ex-F.B.I. Agent Who Vanished in Iran Is Probably Dead, U.S. Says"
392,7/27/2021,Ex-Analyst Who Leaked Details on Drone Warfare Is Sentenced
393,5/18/2020,F.B.I. Finds Links Between Florida Military Base Attack and Al Qaeda
394,6/30/2020,‘Nightmare’ for Parents of Marine Slain Under Possible Russian Bounty
395,7/17/2020,"Father, Soldier, Son"
396,8/9/2021,"Refugees Flock to Afghan Capital, Seeking Reprieve From Taliban Assault"
397,8/13/2021,"Fearing Fall of Kabul, U.S. Officials Implore  Afghans to Fight Back"
398,8/21/2021,U.S. Embassy Warns Americans to Avoid Kabul Airport Amid Threats
399,9/14/2021,New Book Details Fears Trump Would Start War
400,12/3/2020,"Feeling Spurned by Trump,  U.N. Finds Encouragement  Biden Will Restore Its Place"
401,9/6/2020,"Far Beyond 2001, but Fearing Its Return"
402,9/9/2020,Arson Fire Destroys Most of Europe’s Largest Refugee Camp
403,9/9/2021,Little Optimism Even as Taliban Reopen Airport   
404,8/18/2021,Protests Emerge as Taliban Strive to Cement Power
405,9/18/2021,U.S. Drone Strike Error Tarnishes Victims Twice
406,7/9/2020,Barrier Falls As a Woman Becomes A Green Beret
407,3/22/2021,Foes in Afghan War See Islamic State as Common Threat
408,8/17/2021,‘My Future Is Dark’: Fear Rises  In Women After Years of Gains
409,3/24/2020,U.S. Aid Cut May Shove Afghanistan Closer to the Brink
410,8/17/2021,"Post-9/11 Era Ends Painfully, For America and Afghanistan"
411,3/5/2021,Biden’s Early Steps on the World Stage Are Cautious Ones
412,8/15/2021,"For Biden, Images He Wanted to Avoid"
413,6/8/2020,"Naming the Dead,  Even as the Audience  Slowly Dwindles"
414,5/9/2020, Surprise Ruling: Latest Reversal In Flynn’s Life
415,1/8/2021,Familiar Fears as Immigrants See ‘Blackest Day for Democracy’
416,9/24/2021,"For India’s Military, a Juggling Act on Two Fronts With Hostile Neighbors"
417,11/21/2020,"For Netanyahu and Israel, Political Presents From Trump Kept Coming"
418,9/16/2021,‘The Blob’ Has a Media Moment After the U.S. Troop Withdrawal
419,10/4/2020,"Bonded by Combat, Veterans Are Driven Apart by Political Rancor"
420,7/20/2020,"For Afghan Women, Fears That Hard-Won Progress Will Vanish"
421,6/2/2020,Former Commanders Denounce Trump’s Use of Military Forces Against Americans
422,9/28/2021,"For Democrats, a Jigsaw Puzzle and a Ticking Clock"
423,9/26/2021,"Jailed in Cuba, Deported to Albania, Hunted by China"
424,6/6/2020,French Forces Kill a Top Leader of Al Qaeda in Africa
425,3/26/2020,Flowing Across Border  From a Virus Hot Spot
426,4/2/2020,Pelosi Creating Bipartisan Panel to Oversee Trump’s Response to Crisis
427,9/7/2021,"In Afghan Exit, Qatar Emerges As Go-Between"
428,8/28/2021,"After Car Bomb and Kidnapping, Family Starts a New Life in Texas"
429,5/12/2020,Maternity Ward and Cemetery Assaults Kill Dozens in Afghanistan
430,9/13/2021,"For Afghans in Albania, a Soft Place to Land, but Dread Persists"
431,3/5/2020,"U.S.-Taliban Deal May Give Pakistan a Weak, Pliable Neighbor"
432,3/19/2020,Unearthing Women’s Stories in the Face of a Grim Future
433,8/27/2020,‘Unfinished Business’ In Trump Foreign Policy Gets Skimmed Over
434,4/20/2021,"Withdrawal  Will Erode Intelligence, General Says"
435,2/7/2021,"George Shultz, 100, Who Helped End The Cold War, Dies"
436,1/28/2021,German Neo-Nazi Is Sentenced  To Life for Assassinating Backer  Of Merkel’s Policy on Refugees
437,9/15/2020,Germany Takes Refugees From Greece After Fire
438,9/22/2021,"Germany’s Far Right Has Little Support in Election, but It’s ‘Here to Stay’"
439,3/9/2020,"Ghani Takes the Oath of Afghan President. His Chief Rival Does, Too."
440,8/27/2021,A Giant Refugee Ruffles Some Feathers
441,5/15/2020,"Gil Loescher, 75, a Survivor  Of a Suicide Bombing in Iraq Who Fought for the Refugees"
442,6/12/2020,Trump to Address Cadets In Uneasy Commencement
443,12/29/2020,Green Beret Is Charged In 3 Killings
444,10/22/2020,Key Trump Ally  Pursued Talks  To Shift Power  In Venezuela
445,9/14/2021,"Grilled by G.O.P., Blinken Defends Biden’s Afghanistan Exit"
446,5/4/2021,Chinese News Service Mocks India’s Virus Plight
447,7/18/2021,"In Reversal, Military Lawyers Ask to Strike Out Material Obtained From Torture"
448,3/6/2020,Snipers Kill 32 Civilians at Kabul Event Attended by Opposition Leader
449,11/2/2020,Gunmen Kill at Least 19 at University in the Afghan Capital
450,2/19/2021,"1 Year Later,  Royal Split Turns Official For Sussexes"
451,6/6/2020,Germany Feels Left Out As Trump Shifts Alliance
452,8/27/2021,Offering a Résumé and a Robot Built Out of Trash
453,10/14/2020,Worshipful Fan of Trump  Was Faithful Until Death  
454,9/22/2020,Hard Choices Over Afghan Killer Cleared the Way for Peace Talks
455,6/25/2021,He Saved 31 People at Sea. Then He Got a 142-Year Prison Sentence.
456,11/11/2020,Recent Friction for Pompeo And New Pentagon Chief
457,8/27/2021,Marine Barely Older Than War Is Killed Bringing It to an End
458,9/25/2020,"Bombing Survivor, Afghan Teen Persists in Dream of Education"
459,1/20/2021,"Fund-Raisers, Music Stars And Advisers"
460,9/23/2021,House Backs Funding for Israel’s Iron Dome
461,6/29/2021,U.S. Pushes Bill to Hasten  Visa Process  For Afghans
462,12/8/2020,House Passes Bill Allowing New Names for Military Bases
463,9/22/2021,House Passage of Spending and Debt Measure Cues Senate Face-Off
464,3/11/2020,House Votes to Claw Back Power to Use Force on Iran
465,3/26/2021,1st Black Sergeant-at-Arms In House History Is Named
466,12/29/2020,House Votes to Override Trump’s Veto of Military Bill
467,8/30/2021,How 2 Afghan Athletes Defied Odds to Make It Out of Kabul and to Japan
468,3/13/2021,Exposé Reignites Feud;  At Least 5 Afghans Die
469,10/27/2020,Afghan Political Crisis Derails Thousands in Payments to War Victims
470,4/28/2021,"With U.S. Exit, Afghan Forces Face a Reckoning"
471,8/24/2021,"Thousands Are Out, But Thousands More Are Waiting for Rescue"
472,7/13/2020,Suspicions About Russia’s Outreach to the Taliban Go Back Years
473,1/25/2021,U.S. Counters Space Threat From China
474,9/10/2021,How Teenagers Around the World Are Taught About 9/11
475,4/15/2021,A Splintered G.O.P. Struggles To Find Unity on Foreign Policy
476,12/28/2020,Pandemic Puts College Lifeline Beyond Reach
477,5/26/2020,"After 18 Years of War, Taliban Sense Victory Over a Superpower"
478,4/15/2021,U.S. Surveys Options to Strike From Afar After Exit From Afghanistan
479,3/12/2020,A Scramble to Slow the Spread of Infection
480,9/2/2021,History of Rebel Rule  Offers Clues Into Ways  The Taliban May Govern
481,12/31/2020,"Left Stranded, Migrants Shiver in Hostile Bosnia"
482,8/19/2021,"Afghan Forces on the Run, Hiding and Hunted"
483,3/5/2020,"International Court Allows Afghanistan War Crimes Case to Proceed, Angering U.S."
484,3/3/2021,International Court Is Opening War Crimes Inquiry on Israel and Militants
485,9/16/2021,"Ida Nudel, ‘Angel’ to Soviet Jews, Dies at 90"
486,7/9/2020,Chechen Man Who Shed Light on Russian Contract Killings Is Murdered
487,8/30/2021,"With Diplomats Gone, U.S. Embassy in Afghanistan Will Stay Shut"
488,12/27/2020,Village of Widows Scrapes By in Shadow of Afghan Opium Trade
489,1/1/2021,U.S. Backs Off Naval Strategy Aimed at Iran
490,7/23/2020,"Facts in Afghan Attacks Are Hazy, but It’s Clear Deaths Are Piling Up "
491,9/4/2021,"In the Withdrawal From Afghanistan, a Biden Doctrine Surfaces"
492,2/6/2021,‘Everything Has a Value’: Afghanistan’s Kidney Trade Preys on the Poor
493,8/30/2021,A Solemn Pullout In the Last Hours Of a Lost Fight
494,1/28/2021,"When White Hightops Exude Fear, Not Fashion"
495,8/15/2021,"In Single Day, Taliban Push Transforms  Life in Kabul"
496,4/7/2021,ISIS and African Militants Join In a Marriage of Convenience
497,9/23/2021,Friends and Foes Alike Hear Echoes of Trump In Biden Foreign Policy
498,7/8/2021,Biden Defends  Afghan Pullout  In Blunt Tones
499,10/12/2020,"In a Former Taliban Stronghold, Defiant Women Hit the Gym"
500,5/5/2020,In Harm’s Way
501,9/4/2021,"Biden Is Still Mourning a Son, But Some Can’t Bear His Grief"
502,5/13/2020,"In Italy, Some Worry Pandemic Is a Get-Out-of-Jail Card for Mobsters"
503,4/9/2020,"In the Shabby Chic Towers in Kabul’s Heart, History Lives"
504,3/21/2021,How Packs of Dogs Command Afghan Streets and Rule the Night
505,7/25/2021,Official Fights To Vaccinate In Louisiana
506,3/8/2021,"In One Afghan District, Peace From 8 A.M. to 5 P.M."
507,9/17/2021,Wrestling for Control of Afghanistan’s Holdout Province
508,9/28/2020,"In Proud Corners of Afghanistan, New Calls for Autonomy"
509,1/4/2021,"In Reversal, Pentagon Orders Warship to Remain in Middle East"
510,9/11/2021,"In Shanksville, a Field of Flags for All the Fallen"
511,8/24/2021,"In Southeast Asia, Harris Chides China While Promoting U.S. Credibility"
512,9/16/2021,U.S. Defense Pact With Australia Enrages France
513,5/17/2021,"Fleeing Taliban Areas, All for an Education"
514,1/7/2021,Scene in Washington Recalls Images of Post-Soviet Uprisings
515,8/15/2021,Afghan Collapse Blows Back on Biden
516,9/29/2021,"At Forum Dedicated to Peace, Speeches That Exalted Ideals And Stoked Old Resentments"
517,1/15/2021,Officials Scour Evidence for Police or Military Ties in Capitol Attack
518,7/19/2020,India Grants Afghan Hindus and Sikhs  Priority Visas to Escape Barrage of War
519,8/11/2021,Indonesian Army to End So-Called Virginity Tests
520,2/13/2021,"Joy, Relief and Bunco: Inside a Nursing Home After the Vaccine"
521,9/3/2021,"Escaping Afghanistan, Refugees Discover Chaos Is Far From Over  "
522,1/14/2021,Outrage and Anxiety As the Capitol Comes  Under Armed Guard
523,2/4/2021,"Shadowy Force Lures Afghans To Fight, or Die"
524,7/13/2020,White House Lawyer Delivers For Ex-Patrons in Gun Industry
525,10/5/2020,‘Spin Doctor’ Obliged to Carry Out Boss’s Bidding Has Lost Credibility
526,8/18/2021,"Intelligence Agencies Did Not Predict Swift Collapse, Officials Say"
527,8/17/2021,"Contradicting Biden, Reports Warned of Rapid Collapse"
528,9/26/2021,Myanmar Envoy Will Forgo Remarks at U.N. Assembly
529,12/12/2020,Iran Executes A Dissident It Says Fueled Unrest Online
530,4/26/2021,Iranian Diplomat Says Tehran’s Military Leaders Thwart Diplomacy
531,9/10/2021,Detainee’s Reported Paralysis Prompts Guantánamo Judge To Order Emergency Report
532,8/25/2021,ISIS Branch Poses Immediate Terror Threat to Mission at Kabul Airport
533,8/22/2021,U.S. Sounds Alarm On the ‘Acute’ Threat ISIS Poses in Kabul
534,11/14/2020,Long-Awaited Mosque Briefly Opens as Restrictions Return
535,9/1/2021,"In This German Campaign,  Winner So Far Is Boredom"
536,7/12/2021,U.S. Embassy Operations Proceed in Afghan Capital
537,3/5/2020,"Javier Pérez de Cuéllar, U.N. Chief  Behind Vital Peace Pacts, Dies at 100"
538,9/19/2021,First Lady Chases the President’s Most Elusive Campaign Promise: Unity
539,11/14/2020,Joanna Harcourt-Smith Dies at 74;  Joined Leary in LSD-Fueled Affair
540,10/24/2020,A Frayed Bond Between Biden And the Police
541,9/6/2020,Biden Journey On China Has A Hard Turn
542,5/11/2020,Biden’s Lessons  From Odd Days  Of Facing Palin
543,9/5/2020,"Trump’s Ex-Chief of Staff, at Center of Report on President’s Remarks, Keeps Silent"
544,9/6/2021,"Johnson, Inviting Battle, Prepares to Break Vow on Not Raising Taxes in Britain"
545,3/8/2020,Judge Orders Panel Review  Of Detainee Abused by U.S.
546,1/6/2021,Assange Bid to Be Released  On Bail Is Denied by Judge  Who Blocked His Extradition
547,8/16/2021,"Taliban Capture Kabul, Stunning U.S. as a 20-Year Effort Unravels in Days"
548,8/26/2021,Harris Promises U.S. Will Work With Allies to Help Afghan Women and Children
549,7/31/2021,An Afghan Provincial Capital Is in Danger of Falling to the Taliban
550,10/6/2020,Protesters in Kyrgyzstan Seize Parliament and Free Prisoners
551,3/14/2020,Promotion Delayed for Colonel Involved in Niger Ambush
552,6/18/2021,American Lawmakers Rush to Provide Visas for Afghans Who Assisted U.S. Forces
553,8/16/2021,Hectic Departure Draws Criticism of President From Both Sides of Aisle
554,6/9/2021,"Power of the Press, in the Balance"
555,3/18/2021,"Two Months In, Liberals Grow Impatient With Biden’s Foreign Policy Actions"
556,10/23/2020,Libya’s Top Factions Agree to Cease-Fire
557,2/29/2020,Two Weeks With Afghan Prisoners
558,1/26/2021,White Supremacists Organized Early Online
559,5/26/2020,Inspector General Whom Trump Pulled From Overseeing Aid Will Leave Office
560,9/20/2021,Macron Takes a Big Risk By Battling With the U.S.
561,9/12/2020,Mandela. Dalai Lama. Gorbachev. Now Trump?
562,5/9/2021,McCarthy Endorses Bid to Replace Cheney
563,10/1/2020,"Trump Is ‘Abetting Putin’s Efforts,’ McMaster Says"
564,9/11/2021,Measles Cases Halt Afghan Refugee Flights Into the U.S.
565,1/13/2021,Newly Elected Republicans Embody Their Party’s Split In the Aftermath of a Riot
566,9/19/2021,Sea of Angelas Gives Thanks  To Chancellor
567,12/8/2020,"A Name Often Floated, but Not Chosen, In Discussions on Leading the Pentagon"
568,8/2/2020,"At Least 2 Die as ISIS Fighters Wage Gun Battle at Afghan Prison, Freeing Dozens"
569,9/5/2021,Military Analysis Raises Questions About Deadly Drone Strike in Kabul
570,9/29/2021,Military Advised Biden to Extend Afghan Presence
571,8/24/2021,U.S. Military Is Scrambling  To Exit Kabul Within 7 Days
572,6/5/2020,"America’s Top General Takes a Walk With Trump, Right Into the Fire"
573,8/21/2021,"Miscue After Miscue, Exit Plan Unravels"
574,8/4/2020,U.S. Withdrawal From Afghanistan Remains on Track
575,7/31/2020,Austin Driver Is Claiming Self-Defense In Shooting
576,8/19/2020,Biden Nominated by Democrats Far and Wide
577,9/8/2021,Muslim. American.
578,4/2/2021,"Bloodshed Reveals a World  That’s Changed, and Hasn’t"
579,9/10/2021,Head of NATO: U.S. Allies Were Consulted on Pullout
580,4/14/2021,"NATO Pledges an ‘Orderly, Coordinated and Deliberate’ Exit by Its Troops"
581,12/22/2020,Warship Off Africa Is Part of Push Against Venezuela
582,8/26/2020,Nearly 80 Are Killed as Flash Floods Ravage a City in Afghanistan
583,7/3/2020,"Administration Memo Focuses on Gaps, Not Core, of Bounty Intelligence"
584,8/24/2021,Israeli Leader Supports Hard Line on Iranians
585,9/23/2021,‘Spine-Chilling’ New Rules  For Media in Afghanistan
586,1/15/2021,Officials Screening Fliers To Harden Capital’s Shield
587,8/27/2020,‘Your Actions Were Inhuman’: Christchurch Killer Gets Record Sentence
588,1/17/2021,"Nikolai Antoshkin, 78, General  Who Led Firefight at Chernobyl"
589,11/12/2020,Some Peace Prize Picks  Can Be Second-Guessed
590,8/30/2021,"Reactor Active In North Korea, Agency Warns"
591,12/22/2020,Number of Journalists Killed  For Reporting Doubled in ’20
592,7/25/2020,Hawks Set China And U.S. on Path To Lasting Divide
593,3/26/2021,Some Officials Advise Against Afghan Pullout
594,9/1/2021,G.O.P. Assails Pullout It Had Supported Under Trump
595,8/9/2021,Left Stranded and Scared in Fight for Kandahar
596,6/25/2021,"To Rattle Taliban in Helmand,  Afghans Rely on an Elite Unit"
597,2/24/2021,U.S. Diplomats Desperate for Vaccines and Dismayed by the Government
598,5/21/2021,"Congress, Once in Thrall Of ‘the Generals,’ Gives  The Military Orders Now"
599,11/24/2020,‘I Was Stunned’: Outcry as Paris Police Dispel Migrant Camp
600,2/25/2021,Pakistan  And India Renew Vow In Cease-Fire
601,3/15/2020,"Pakistan Builds Border Fence, Limiting Militants and Families Alike"
602,9/21/2021,Pakistan Unhappy as 2 Nations Cancel Visits at Last Minute 
603,9/24/2021,Who Will Speak for Afghanistan at U.N. Event?
604,4/2/2020,Pakistani Court Overturns Conviction in 2002 Killing of American Journalist
605,9/10/2020,A Squalid Refugee Camp. A Pandemic. Then Fires Compound the Misery.
606,7/1/2021,"Pandemic Lockdowns Fueled Predators Worldwide, Especially Online, U.S. Says"
607,4/27/2021,Biden to List Victories And Pitch Objectives
608,3/4/2021,"Black Colonel, Denied Promotion 3 Times, Is Poised to Shatter a Barrier"
609,4/23/2021,"Penelope Laingen, Whose Ribbon Tied a Nation Together, Dies at 89"
610,5/25/2021,Pentagon Speeds Afghanistan Exit  Despite Worries
611,9/17/2021,"Drone Attack Was a Mistake, Pentagon Says"
612,1/29/2021,Pentagon To Review  Elite Units On Missions
613,11/27/2020,"Ahead of Expected Cuts In Troops, Pentagon Chief Makes a Visit to Somalia"
614,9/13/2021,Pentagon Defends Kabul Drone Strike After Investigation Casts Doubts on Account
615,9/1/2021,Pentagon Leaders Wary of Working With Taliban: ‘This Is a Ruthless Group’
616,1/16/2021,Army Secretary Changes Rules to Halt Health Review of Guantánamo Prisoner
617,6/6/2020,Army Opens Inquiry Into Aerial Show of Force
618,4/21/2021,Pentagon Asks for a Carrier to Shield Its Afghan Exit
619,7/4/2021,"With Subtle Changes, U.S. Softens Blow of Its Withdrawal From Afghanistan"
620,5/6/2021,Pentagon Struggles to Wean Afghan Military From Dependency on U.S. Air Power
621,6/15/2021,Pentagon Develops Proposal to Send Dozens of Troops Back to Somalia
622,12/10/2020,Administration Considers Paring Military Support for C.I.A.
623,9/17/2020,Migrants Are Moved From Burned Camp to Temporary Site
624,3/14/2021,Proud Boys Got Bigger as Police Looked Away
625,3/23/2020,Pompeo Cuts $1 Billion in Afghan Aid as Bid for Unity Is Rebuffed
626,8/13/2020,Pompeo Says He Warned Russia About Bounties for Killing Western Troops
627,1/12/2021,"Exiting, Pompeo Claims Iran Is New Qaeda Base, But Produces No Evidence"
628,8/7/2020,A Public Warning Aimed at Russia Over U.S. Bounties
629,1/18/2021,"As Pompeo Exits State Dept., His Turbulent Tenure Leaves Dubious Legacy for the U.S."
630,9/1/2021,Pope Criticizes Western Intervention in Afghanistan and Messy Exit
631,4/17/2021,Prince Philip Is Laid to Rest in an Intimate Ceremony Rich in Tradition
632,2/17/2021,Pentagon to End Delay On Elevating 2 Women To 4-Star Commands
633,2/6/2021,"Flynn Is Back, Selling Anger And T-Shirts"
634,8/20/2021,"Putin Takes Shot at the West, but Says He’ll Work to ‘Normalize’ Afghanistan"
635,9/11/2021,Quandary at U.N.: Who Gets to Speak for Myanmar and Afghanistan?
636,5/19/2020,Record Raids in Myanmar Point to Shifting Drug Trade
637,1/13/2021,Rare Pentagon Mission:  Armed Troops in Capital
638,8/16/2021,Full Transcript of Biden’s Speech on Afghanistan
639,8/13/2020,Afghan Poet Died With Epic and Nation at Loose Ends
640,9/24/2021,"Rebuking Biden, Iran’s Chief Diplomat Demands More Sanctions Relief"
641,9/29/2021,"Reduced to Rubble, a Village Struggles to Rebuild"
642,2/25/2021,Refugee Who Set Herself on Fire in Greece Is Charged With Arson
643,10/18/2020,"Refugees Risked Lives Helping U.S. Military, But Nation Blocks Entry"
644,8/26/2021,Both Relief and Worry As Afghans Reach U.S.
645,3/8/2021,C.I.A. Surveils Extremists From Growing Saharan Base
646,9/27/2021,"In Afghanistan Hearing, Milley Back in the Center of a Political Battle"
647,9/27/2021,Fiscal Stalemate As G.O.P. Blocks A Spending Bill
648,7/21/2020,G.O.P. Lawmakers Question Cheney on Her Leadership and Loyalty to Trump
649,9/15/2021,Republicans Steer Clear of Rally With Riot Ties
650,9/2/2021,Salvaging of Kabul’s Airport Begins as Some Foreign Aid Resumes
651,4/2/2021,Sanctions Put on I.C.C. Prosecutor Are Revoked
652,7/21/2020,"At Local Bases and Overseas, the Military Is Struggling to Stem Infections"
653,11/3/2020,"Robert Fisk, 74, Journalist  Who Chronicled the Unrest In the Mideast and Beyond"
654,6/14/2020,Former Defense Secretary Says ‘Time Has Come’ to Rename Bases
655,8/15/2021,Diplomats’ Rosy Hopes Vanish in Grim Reality Of a Dash for the Exit
656,7/3/2020,"Russia Denies Paying U.S. Troop Bounties, but Offers No Condolences"
657,6/26/2020,"Russia Offered Afghans Bounty To Kill U.S. Troops, Officials Say"
658,5/7/2021,C.I.A. Found Evidence  On Russia Bounty Claim
659,4/28/2021,Russian Spies Suspected  In Bulgarian Explosions
660,9/19/2020,Out of the Cocoon and Into the Town Hall
661,7/30/2021,"Ruth Pearl, 85, Mother Of Murdered Journalist"
662,6/29/2021,U.S. General Warns of Civil War Gripping Afghanistan After Exit
663,3/31/2021,How Rich Countries Took Over the Front of the Line for Covid Shots
664,8/19/2021,"Seeking Global Recognition, Taliban Take New Approach: Making Nice"
665,6/18/2020,Portrait of Man In It for Himself
666,7/14/2021,Afghan City Feels Taliban Tighten Vise
667,1/22/2021,"Senate Confirms Austin, Installing the First Black Defense Secretary"
668,7/21/2020,Senate Rejects Ban on Transfer of Military-Grade Weaponry to Police
669,12/11/2020,Senate Sends Veto-Proof Military Bill To President
670,8/18/2021,Promises Go Unmet for Afghans Who Risked Their Lives for U.S.
671,9/8/2021,Mission ‘Unfinished’
672,2/3/2021,"After an Activist’s Escape,  Pakistan Jails Her Father"
673,1/15/2021,"In Taliban Deal, Divide Over Release of a Killer"
674,9/7/2021,"She’s Young, She’s Green and She Wants to Change Germany"
675,9/1/2021,Economy in Free Fall  Is but One Challenge
676,6/10/2021,Omar Comments Spur Democratic Infighting On Human Atrocities
677,9/17/2021,House Security Chief Vows No Jan. 6 Repeat
678,7/1/2020,"From Congress, Ex-Intelligence Briefer Presses White House on Bounty Reports"
679,8/19/2021,Sluggish Visa System Delays Evacuating Afghans Who Worked for U.S.
680,11/18/2020,Somalia Worries U.S. Pullout Could Lead to Disaster 
681,6/28/2020,Cash Discovery Tipped Off Spies  About Bounties
682,5/14/2021,Western Spy Agencies Court New Afghan Allies
683,8/2/2021,State Dept. Offers Refugee Status to Afghans Who Helped News Outlets
684,2/16/2021,Test for Biden: Can U.S. Exit Afghanistan?
685,4/14/2020,Stigma Hampers Efforts To Fight the Virus in Iraq
686,8/31/2021,Stranded in Kabul: A U.S. Resident Runs Out of Options
687,11/7/2020,Attacks in Kabul Have Afghans Pointing a Finger at Their Government
688,11/9/2020,Voters Throng Polls In Myanmar Elections
689,9/16/2021,Anti-Taliban Leader in Afghanistan Hires Lobbyist to Seek Military and Financial Help in the U.S.
690,9/18/2021,Britain Returns to Global Stage As Broker in U.S.-Australia Deal
691,12/5/2020,"Suhaila Siddiq, General  And Doctor in Afghanistan"
692,8/26/2021,"U.S. Troops Among Dozens Dead in Blasts As Biden Vows, ‘We Will Hunt You Down’"
693,6/7/2021,Supreme Court Will Not Hear Case on Military Draft
694,6/30/2020,Money Transfers Bolstered Belief in Russian Scheme
695,10/26/2020,"Red-District Democrats, Defying Predictions, Poised to Keep House Seats"
696,8/11/2021,Leaving a ‘Forever War’  Could Backfire on Biden
697,2/29/2020,U.S. and Taliban Sign Withdrawal Accord
698,7/28/2020,Taliban-Afghan Peace Talks May Start After a Cease-Fire for a Muslim Festival
699,9/7/2021,Taliban Officials  From Old Regime  Assume Key Posts
700,7/7/2021,Taliban Keep Up March Into North Afghanistan And Release Prisoners
701,3/28/2020,Taliban Attacks Continue Despite Outbreak Threat
702,8/14/2021,"Free Fall in Afghanistan Prompts U.S. to Deploy Another 1,000 Soldiers"
703,9/6/2021,"Taliban Claim to Control Panjshir Valley, Last Hold of Afghan Resistance"
704,8/4/2021,Taliban Claim Responsibility For Attack In Kabul
705,9/21/2021,"Bucking the U.N., Taliban Refuse to Include Women in Afghan Government"
706,7/9/2021,"Taliban Enter Kandahar, Second-Largest Afghan City"
707,6/20/2021,Afghans Fail To Prevent  Key Captures  By Taliban
708,7/27/2020,Female Guard Is Latest Target of Taliban Violence
709,9/4/2021,Taliban Fighters Crush Women’s Protest Amid Flickers of Resistance
710,3/20/2020,Taliban Hit Kills 24 Afghans At Police and Army Outpost
711,8/10/2021,"Taking Hold  In Provinces, Taliban Rout 3 More Cities"
712,8/17/2021,Violent History Clouds Taliban’s Vows
713,8/19/2021,"Tightening Grip, Taliban Silence Foes and Dissent"
714,4/24/2020,"Dozens of Daily Taliban Strikes Besiege Afghan Forces, Undermining Peace Accord"
715,3/4/2020,Attacks on Afghans by Taliban Rise After Signing of Peace Deal
716,8/23/2021,Taliban Demand August Pullout As the U.S. Rushes to Evacuate
717,8/6/2021,Taliban Secure A Regional Hub Without a Fight
718,9/17/2021,Ministry For Women Now Houses Vice Police
719,7/13/2020,Taliban Stage Major Attack; Violence Intensifies in North
720,8/14/2021,Misjudging the Pace of Taliban Sweep
721,8/7/2021,‘Nothing Is Left’: Taliban Take Second Afghan City in 2 Days
722,8/15/2021,Taliban Takeover Could Halt U.S. Influence in Kabul After 20 Years of Diplomacy
723,7/6/2021,"As Districts Fall, Taliban Focus on Governing"
724,8/30/2020,"Taliban Violated Peace Deal With Shelling of Bases, U.S. Officials Say"
725,7/7/2021,Senator Describes Push to Stop Deportation of Veterans
726,8/14/2021,Early Adversity Drives Graham Toward Power
727,1/2/2021,Afghans Living In Fear as More Become Targets
728,3/19/2021,Testy Exchange Shows the U.S. A Bolder China
729,8/13/2021,Over 15 Cities Slip Out of the Grasp of Afghan Forces
730,4/24/2021,The Arms Dealer in the Crosshairs of Russia’s Elite Assassination Squad
731,7/18/2021,"After Decades, It’s Klain’s Turn As Chief of Staff"
732,7/19/2021,Some Afghan Applicants For Visas to Be Brought To Virginia Army Base
733,8/24/2021,C.I.A. Director Traveled to Kabul for Secret Talks With Taliban Leaders
734,4/16/2021,The Contradiction That Doomed America’s Mission in Afghanistan
735,11/9/2020,Looking to End ‘America First’ And Re-engage With the World
736,8/31/2020,"In Command: The Few, the Proud, the White"
737,9/5/2021,"First Afghan Rhodes Scholar Got Her Father Out, and Wants to Do More"
738,6/2/2020,"In Phone Transcripts, the Kindling of a Kremlin-Fueled Fire"
739,6/23/2020,‘It Was My Only Wish’: Muslims Share Grief as Hajj Is Canceled
740,4/5/2021,Negotiations With Iran To Restore Nuclear Deal Could Take a Long Time
741,1/3/2021,U.K. Judge Set to Consider Whether to Send Assange  To U.S. for Espionage Trial
742,6/21/2020,Lax Vetting Let A Saudi Trainee Shoot Up a Base
743,8/25/2021,Resettlement of Afghan Allies Has Revealed the Latest G.O.P. Schism
744,9/12/2021,One Legacy of Sept. 11: A Torture Policy’s Stain
745,8/31/2021,"20 Years of Enmity Aside, U.S. And Taliban Need Each Other"
746,2/11/2021,Making Friends in a Pandemic By Using Vaccine Diplomacy
747,3/8/2021,"After Rally and Riot, a Virginia County Fractures"
748,3/27/2021,"Nearly 20 Years After 9/11, 20 Diverging Paths"
749,9/11/2021,The Photographs of 9/11
750,8/8/2021,"As the Taliban Seize More Cities, the Propaganda War Grows in Importance"
751,8/26/2021,Pakistan Has Future Riding on Taliban
752,7/3/2021,The Salvaged Relics of a Very Long War
753,6/9/2021,Public Lies and Secret Truths
754,9/17/2021,Europe Is Thrown Off Balance by U.S. Alliance With Australia
755,8/17/2021,"With Taliban Back, Will Terror Groups Have a Safe Haven Again?"
756,8/31/2021,"The Taliban Celebrate Victory, With a Crisis Looming"
757,2/15/2021,"Taliban Circle Afghan Cities,  Provoking U.S."
758,8/16/2021,Taliban Takeover Could Halt U.S. Influence in Kabul After 20 Years of Diplomacy
759,3/30/2021,Taliban Believe  The War’s Over  And They Won
760,8/18/2021,"After 20 Years of War, Afghans Wonder How the Insurgency’s Leaders Will Govern"
761,4/22/2021,America’s War in Afghanistan: How It Started and How It Is Ending
762,7/21/2020,"Two Neighborhoods: One Rich, One Poor. One Spared."
763,1/30/2021,Ugandan Leader’s Brutal Grip on Power Is Testing Patience of the West
764,12/1/2020,"Sounding Alarms, Seeking Conciliation: Australia Is Conflicted on China"
765,7/29/2021,Prospect of Taliban Advance Puts a Pastoral Corridor on Edge
766,2/21/2021,Libraries Built as Monuments To Two Slain Afghan Women
767,3/27/2021,20 Lives Weigh On Plan to Shut Guantánamo
768,3/5/2021,"Where Being a Journalist, and a Woman, Could Cost You Your Life"
769,8/23/2021,Nepali Former Security Contractors Worry They Will Be Unable to Get Home
770,7/11/2021,Haiti Arrests 3rd Man With U.S. Ties in Assassination
771,5/11/2020,"Prominent Retired General Joins Taliban, Stunning the Afghan Government"
772,10/16/2020,How a Former Taliban Commander Became the Face of Afghan Security
773,9/15/2021,Violence Ebbs But Pain Lasts Outside Kabul
774,5/29/2021,"Thomas Sullivan, 91, Dies;  Rooted Out Case-Fixing In Chicago’s Court System"
775,9/16/2021,Thousands of Afghans on U.S. Military Bases Await Resettlement
776,9/17/2021,"Surge Leaves 9,000 Migrants Crammed Under a Texas Bridge"
777,8/16/2021,A Frantic Demand For U.S. Visas
778,9/4/2021,Women’s Shelters Close As the Taliban Advance
779,8/31/2021,3 Guantánamo Detainees Formally Face Charges Linked to 2002 Bali Bombing
780,7/14/2020,A Blast. A Bounty Claim. A Battle With No End.
781,3/2/2021,Three Women Working for a News Outlet Are Gunned Down in Afghanistan
782,3/30/2021,3 Polio Vaccine Workers  Are Killed in Afghanistan
783,9/10/2021,Evidence Disputes U.S. Claim of ISIS Bomb in Kabul Drone Strike
784,3/25/2021,"Outlining Goals in First News Conference, Biden Hails ‘Art of the Possible’"
785,8/18/2021,"China Sees U.S. Hubris, but Afghanistan Offers No Easy Choices"
786,12/10/2020,Pentagon Orders B-52s  To Fly to Persian Gulf  As Deterrent to Tehran
787,9/15/2020,Last-Second Deals Underscore Frailty of Afghan-Taliban Peace Talks
788,8/20/2021,Facebook Hides Friend Lists To Protect Its Afghan Users
789,4/17/2020,"To Save Peace Deal With Taliban, U.S. May Reduce C.I.A. Presence in Afghanistan"
790,10/12/2020,General Tempers White House Chatter on Paring Troops in Afghanistan
791,8/20/2020,"Top G.O.P. Security Officials Back Biden, Calling Trump ‘Unfit to Lead’"
792,7/12/2021,Top U.S. General Leaves as Afghan Withdrawal Continues
793,8/31/2021,Full Transcript of Biden’s Remarks on Afghanistan
794,2/9/2021,"Leahy Juggles His Responsibilities as Judge, Juror and Witness"
795,1/8/2021,"Trump Officials Distorted Intelligence on Foreign Meddling, Report Finds"
796,6/16/2020,Administration Sues to Delay Bolton’s Memoir
797,6/4/2020,Military Vets Break Silence On President
798,1/14/2021,Trump Appointee Will Lead Pentagon Until Biden’s Pick Is Confirmed
799,4/1/2020,"As Numbers Sink In, New Reality Confronts A More Somber Trump"
800,9/22/2020,"Before Virtual U.N. Assembly, Trump Casts China as Villain in Pandemic"
801,9/4/2020,A Furor Erupts Over President And War Dead
802,11/9/2020,Trump Fires Esper Amid Fears Of Purge at Security Agencies
803,6/29/2020,Trump Given Brief in February On Possible Russian Bounties 
804,11/16/2020,"Trump Is Said to Plan Reduction of Forces in Afghanistan, Iraq and Somalia"
805,10/9/2020,President Lashes Out At His Aides With Calls To Indict Political Rivals
806,6/13/2020,President Exaggerates His Own Record On Funding Pentagon and Ending Wars
807,12/4/2020,Trump Orders Pullout Of Troops From Somalia Before End of His Term
808,11/13/2020,President’s Pentagon Purge Could Accelerate Pullout Of Troops in Afghanistan
809,6/11/2020,A Losing Battle in the Military
810,7/29/2020,Trump Says He and Putin Didn’t Talk About Bounties
811,9/4/2020,Trump Says Troops’ Paper Won’t Shutter After All
812,3/3/2020,"Pursuing Exit, Trump Talks  To a Leader Of the Taliban"
813,11/12/2020,"Atop Pentagon, A Fresh Group Of Hard-Liners"
814,7/31/2020,Trump Still Defers to Putin As He Dismisses Intelligence
815,10/8/2020,‘They Want to Hug Me’: Trump Suggests That Gold Star Families May Have Infected Him
816,5/22/2020,A Post-Watergate Reform  Under Pressure by Trump
817,5/24/2020,Trump Stays Quiet on Toll As U.S. Nears a Milestone
818,11/21/2020,President Moves To Hem Biden In On U.S. Policies
819,8/11/2020,"As Putin Rushes Vaccine, U.S. Experts Fear Pharmaceutical Manhood Contest"
820,5/26/2020,Trump Wants Troops in Afghanistan Home by Election Day
821,3/26/2020,U.S. ‘Disaster Diplomacy’ Yields Few Results
822,10/11/2020,"Trump Boasts of Withdrawing Troops, but Thousands Remain in Harm’s Way"
823,8/19/2021,"Critical of President, Trump and Pompeo Face Own Attacks"
824,5/20/2020,Pushback on DeVos Debt Policy Puts Pressure on Trump
825,4/7/2020,Inspector General Pick Casts Doubt on Powers Allowed of Congress
826,7/1/2020,Putin on Offense  As Trump Stands  On the Sidelines
827,10/18/2020,Allies Balk at U.S. Sanctions on Rights Lawyer
828,5/1/2021,Trump Rules for Drone Strikes Are Disclosed
829,10/15/2020,Trump’s New Push to Withdraw Troops Catches Pentagon Off Guard
830,6/18/2021,2 Guantánamo Inmates Are Cleared for Transfer
831,9/15/2021,Britain’s Leader Shakes Up Cabinet in a Blow to His Global Ambitions
832,1/4/2021,"Citing Mental Health, Judge Blocks Extradition for Assange"
833,8/3/2021,‘This Is About Buying Time’: U.S. Launches Round of Afghan Airstrikes
834,3/2/2020,U.S. Troop Reduction Begins in Afghanistan
835,6/30/2020,U.S. Urges Indefinite Iran Embargo to No Avail
836,9/5/2021,"1,000 Spend Fifth Day Waiting at Northern Airport for Taliban to Let Planes Leave"
837,9/24/2020,U.S. Kills Qaeda Leader With Secretive Missile
838,8/29/2021,"Amid Terror Threat, a Hurried Airlift of Afghans Ends"
839,8/11/2020, U.S. Contractor Warned of Explosive Material in Beirut Years Ago
840,5/10/2021,"U.S. Defends Detention of Afghan Citizen, Even as It Withdraws From Afghanistan"
841,3/21/2021,Defense Chief Under Biden Secretly Visits Afghanistan
842,10/19/2020,"As U.S. Diplomats Fell Sick, Washington Minimized the Danger"
843,9/10/2021,U.S. Forces Were Training Guinean Troops Who Took Off to Mount Coup
844,7/25/2021,Top U.S. General Hints Airstrikes on Taliban May Continue Past an August Cutoff
845,3/14/2021,"As Biden Mulls Afghan Exit, U.S. Discloses 1,000 More Troops in Area"
846,12/2/2020,A U.S. Effort to Ease a Mideast Rivalry (and Hurt Iran)
847,8/12/2021,U.S. Sends Troops to Aid Evacuation as Taliban Surge
848,8/27/2021,U.S. Strikes ISIS Branch as Bombing’s Death Toll Soars
849,12/8/2020,U.S. Troops Seized Their Land. Angry Afghans Still Want It Back.
850,7/2/2021,"U.S. Departs Last Afghanistan Base, Effectively Ending 20 Years of War"
851,4/4/2021,U.S. Looks to Build on Secret Parts of Taliban Deal to Reduce Violence
852,4/25/2021,U.S. Military  Begins Task Of Leaving  Afghanistan
853,4/18/2020,U.S. Military Cuts Back On Medical Evacuation For Troops in Africa
854,5/7/2020,Pentagon Tally of Civilians  U.S. Killed in 2019 Is 132
855,3/7/2021,U.S. Moves to Jump-Start Talks  For Afghan Truce With Taliban
856,9/19/2020,U.S. to Reimpose U.N. Sanctions on Iran Over Western Allies’ Objections
857,8/26/2021,"1,500 Citizens Remain In Afghanistan as U.S. Intensifies Rush to Exit"
858,7/13/2020,U.S. Says Most of Beijing’s Claims in South China Sea Are Illegal
859,10/8/2020,"U.S. to Cut Troops in Afghanistan to 2,500"
860,9/18/2020,Military Reinforcements To Be Deployed to Syria
861,2/3/2021,U.S. Is Urged To Slow Pullout In Afghanistan
862,7/23/2021,"Alarmed by Taliban’s Surge, U.S. Launches 11th-Hour Airstrikes"
863,12/9/2020,"With Biden in Wings,  U.S. Ready to Adjust  Its Posture on Turkey"
864,7/24/2021,"U.S. Is Set to Announce Troop Drawdown From Iraq, at Least on Paper"
865,9/20/2021,U.S. to Reopen To Vaccinated From Overseas
866,6/24/2021,"U.S. to Relocate Afghan Allies, Like Interpreters, While Special Visas Are Processed"
867,6/11/2020,War Crimes Investigators Face Punishment by U.S.
868,9/9/2020,"U.S. to Reduce Troops in Iraq to 3,000, Helping to Fulfill a Goal on Overseas Cuts"
869,11/18/2020,U.S. to Halve Afghan Force by Inauguration Day
870,9/20/2021,"Deploying to Iraq, Even as Afghan War Ends"
871,11/12/2020,Afghans Look to Biden for Stability as U.S. Troops Leave
872,5/15/2020,"Despite Surging Violence, U.S. Urges Afghanistan to Respect Peace Accord"
873,6/24/2020,"U.S. Used Secret Weapon, Missile With Blades, to Kill Qaeda Leader in Syria"
874,8/16/2021,"For Veterans, Pain, Anguish And Sorrows"
875,8/30/2021,U.S. Forces Leave Kabul; Evacuation Ends
876,6/9/2021,Pentagon Eyes  Future Strikes  At the Taliban
877,7/29/2020,"U.S. Will Pull 12,000 Troops From Germany, Defense Chief Says"
878,9/3/2021,"Test for U.S.: Aid Afghans, Not Taliban"
879,9/1/2020,U.S. Says Little as Military Tensions Flare Globally With Russia
880,9/1/2020,U.S. Says Little as Military Tensions Flare Globally With Russia
881,1/16/2021,Ugandan President Retains 35-Year Grip on Power
882,8/31/2021,Ukraine’s Leader Seeks Assurances From Biden
883,8/24/2021,"In Kabul Streets, Eerie Quiet and a Struggle to Make Ends Meet"
884,7/6/2021,U.S. ‘Forever War’ Veterans Back Biden on Withdrawal
885,6/15/2021,Ultimatum in Pakistan:  Vaccine or Cell Service
886,9/11/2020,Veterans Fortify the Ranks of Militias That Align With Trump’s Views
887,9/7/2021,"For Veterans, The Trauma Doesn’t End With Service"
888,8/21/2021,Vietnam War Victims Say South Korea Still Owes Them Answers
889,3/7/2020,"In Greek Shift, Vigilante Teams Target Migrants"
890,3/7/2020,"In Greek Shift, Vigilante Teams Target Migrants"
891,3/5/2020,India’s Treatment of Muslims Threatens Its Global Ambitions
892,1/29/2021,Wave of Violence Across Afghanistan May Delay U.S. Troop Withdrawal
893,10/8/2020,"In Clash on Virus, Harris Puts Pence on the Defensive"
894,7/11/2021,"Lost in Rhetorical Weeds, Biden Struggles to Inspire"
895,5/2/2020,"Juggling Votes, Deployment and a Baby"
896,3/31/2020,"In Yet Another Crisis, Afghans Waive Rent and Make Masks"
897,4/20/2021,"Walter Mondale, Former Vice President, Dies at 93"
898,11/15/2020,How Will Biden Lead? Look to His Campaign
899,9/14/2020,Saudi Strikes in Yemen Put U.S.  In Danger of War Crime Charges
900,4/21/2021,"War, Peace and Spreadsheets In a Countdown to Withdrawal"
901,1/21/2021,Transfer of Power Brings Respite To City Where a Mob Held Sway
902,6/9/2021,"Classified, Until It’s Not"
903,7/13/2021,"Weighing Haiti Intervention, U.S. Faces an All-Too-Familiar Dilemma"
904,12/27/2020,Welcoming a New Year at an Ancient Kalash Festival
905,9/12/2021,West Virginia  Is Struggling Against Delta
906,1/13/2021,What the Polls Say About Impeachment
907,1/1/2021,Troubled Afghan-Taliban Peace Talks Set to Enter Next Phase
908,8/30/2021,War and Virus Wear Down One Swing District’s Voters
909,8/28/2021,Heartbreak After Heroes Died Going ‘Through the Gates of Hell’ in Kabul
910,4/21/2020,"Thrust Into Hardship, Humans Adapt and Cope in Remarkable Ways"
911,10/16/2020,When a Vigilante’s Call to Action Is Only a Facebook Post Away
912,2/23/2021,"Where a Vaccination Campaign Faces Skepticism, War and Corruption"
913,11/22/2020,Taliban Attacks Ravage Pomegranate Country
914,7/1/2020,The White House Maintains Trump Knew Nothing of Russian Bounties
915,3/13/2020,White House Pushes for Return of Americans Being Held Hostage Overseas
916,4/15/2021,White House Stops Short of Sanctions Over Bounties
917,8/17/2021,Afghanistan’s Once and Current Rulers
918,9/7/2021,Who Are New Leaders Appointed to Positions In the Taliban Cabinet?
919,7/10/2021,Opulent Mansion in Canada Ignites Rage as Haiti Unravels
920,11/11/2020,Who Are Contenders  For Biden’s Cabinet?
921,3/1/2020,Why Afghanistan Became an Invisible War
922,7/27/2021,How a $110 Million Mansion in India Ended Up in a Diplomatic Dispute
923,2/13/2021,Biden’s Pick for Iran Envoy Resurrects Bitter Debate Over Nuclear Pact
924,8/18/2021,Memory of Migrant Crisis Haunts Europe as First Afghan Refugees Land
925,7/8/2021,Why $13 Billion in Aid Didn’t Erase Troubles
926,4/13/2021,"With Americans Gone, Will Afghanistan Return As a Haven for Terror?"
927,1/20/2021,"Even With a To-Do List at Home, Biden Vows to Build Rapport Abroad"
928,9/8/2020,Lawyer and Partner: A Look at Legal Work by Harris’s Husband
929,9/1/2021,The Taliban Must Overcome Big Obstacles to Obtain International Recognition
930,8/19/2021,"With U.S. Exit, Russia’s Power in Central Asia Grows Ever Stronger"
931,4/13/2021,"Biden’s Decision Prioritizes Nation-Building at Home, Not in Kabul"
932,9/1/2021,"In Pulling Troops Out,  A President Becomes An Unlikely Insurgent"
933,8/23/2020,Taliban Tighten ‘Ring of Siege’ Around Afghan Capital
934,6/17/2021,A Meeting of Cordial Words and Muted Tensions
935,1/10/2021,Supporters Push for Pardon for Assange as the President’s Term Comes to a Close
936,1/8/2021,Woman Killed Storming Capitol Discovered Political Side After Time in Military
