"","Frequency","Rank"
"u.s",171,1
"afghan",109,2
"taliban",108,3
"afghanistan",84,4
"biden",76,5
"war",53,6
"trump",48,7
"afghans",43,8
"kabul",41,9
"military",41,10
"troops",32,11
"exit",29,12
"pentagon",27,13
"new",26,14
"peace",26,15
"says",25,16
"leader",23,17
"president",21,18
"may",18,19
"china",18,20
"house",18,21
"biden's",17,22
"women",17,23
"talks",17,24
"officials",17,25
"end",17,26
"back",17,27
"years",17,28
"pakistan",17,29
"forces",16,30
"allies",15,31
"pullout",15,32
"top",15,33
"power",15,34
"say",14,35
"killed",14,36
"attack",14,37
"g.o.p",14,38
"general",14,39
"withdrawal",14,40
"aid",13,41
"world",13,42
"deal",13,43
"iran",13,44
"veterans",12,45
"fear",12,46
"set",12,47
"democrats",12,48
"face",11,49
"one",11,50
"guantánamo",11,51
"bounties",11,52
"drone",10,53
"threat",10,54
"defense",10,55
"migrants",10,56
"kills",10,57
"refugees",10,58
"fall",10,59
"u.n",10,60
"home",10,61
"amid",10,62
"chief",10,63
"kill",9,64
"pandemic",9,65
"takes",9,66
"still",9,67
"day",9,68
"terror",9,69
"crisis",9,70
"attacks",9,71
"return",9,72
"russian",9,73
"first",9,74
"security",9,75
"fight",9,76
"court",9,77
"push",9,78
"trump's",9,79
"white",9,80
"base",8,81
"plan",8,82
"violence",8,83
"ends",8,84
"capital",8,85
"border",8,86
"faces",8,87
"future",8,88
"russia",8,89
"strikes",8,90
"policy",8,91
"fears",8,92
"two",8,93
"global",8,94
"isis",8,95
"c.i.a",8,96
"putin",8,97
"force",8,98
"political",8,99
"leaders",8,100
"dies",8,101
"thousands",7,102
"left",7,103
"congress",7,104
"dead",7,105
"germany",7,106
"strike",7,107
"evacuation",7,108
"puts",7,109
"city",7,110
"time",7,111
"mission",7,112
"release",7,113
"somalia",7,114
"dozens",7,115
"lead",7,116
"refugee",7,117
"pompeo",7,118
"airport",7,119
"visas",7,120
"least",7,121
"even",7,122
"iraq",7,123
"former",7,124
"police",7,125
"death",6,126
"afghanistan's",6,127
"secret",6,128
"see",6,129
"leaving",6,130
"use",6,131
"e.u",6,132
"last",6,133
"life",6,134
"days",6,135
"accord",6,136
"secretary",6,137
"bases",6,138
"target",6,139
"journalist",6,140
"cities",6,141
"hopes",6,142
"take",6,143
"europe",6,144
"qaeda",6,145
"lives",6,146
"americans",6,147
"army",6,148
"virus",6,149
"work",6,150
"test",6,151
"report",6,152
"sanctions",6,153
"cabinet",6,154
"vaccine",6,155
"far",6,156
"intelligence",6,157
"battle",6,158
"bill",6,159
"bounty",6,160
"foreign",6,161
"judge",6,162
"migrant",5,163
"nation",5,164
"media",5,165
"escape",5,166
"nearly",5,167
"sea",5,168
"seek",5,169
"family",5,170
"worry",5,171
"die",5,172
"man",5,173
"state",5,174
"prison",5,175
"workers",5,176
"election",5,177
"put",5,178
"black",5,179
"cease-fire",5,180
"warns",5,181
"year",5,182
"land",5,183
"claims",5,184
"stranded",5,185
"soldiers",5,186
"warned",5,187
"america",5,188
"despite",5,189
"hit",5,190
"prisoners",5,191
"turn",5,192
"seeking",5,193
"shift",5,194
"another",5,195
"american",5,196
"way",5,197
"victory",5,198
"capitol",5,199
"camp",5,200
"votes",5,201
"america's",5,202
"role",5,203
"center",5,204
"evidence",5,205
"history",5,206
"president's",5,207
"india",5,208
"online",5,209
"haiti",5,210
"trade",5,211
"administration",5,212
"calls",5,213
"leaves",5,214
"government",5,215
"defends",5,216
"overseas",5,217
"guard",5,218
"elite",5,219
"little",5,220
"news",5,221
"gets",5,222
"senate",5,223
"offers",5,224
"leave",5,225
"fire",5,226
"troop",5,227
"orders",5,228
"diplomacy",5,229
"claim",5,230
"sends",4,231
"find",4,232
"desperate",4,233
"toll",4,234
"fearing",4,235
"risk",4,236
"pick",4,237
"turkey",4,238
"greece",4,239
"help",4,240
"lawmakers",4,241
"behind",4,242
"armed",4,243
"town",4,244
"militants",4,245
"welcome",4,246
"died",4,247
"rescue",4,248
"scramble",4,249
"without",4,250
"grim",4,251
"away",4,252
"nuclear",4,253
"free",4,254
"finds",4,255
"danger",4,256
"open",4,257
"stay",4,258
"fighters",4,259
"woman",4,260
"like",4,261
"agree",4,262
"cash",4,263
"latest",4,264
"begin",4,265
"ally",4,266
"official",4,267
"reversal",4,268
"ending",4,269
"assault",4,270
"past",4,271
"collapse",4,272
"credibility",4,273
"flee",4,274
"africa",4,275
"get",4,276
"charges",4,277
"father",4,278
"team",4,279
"groups",4,280
"remains",4,281
"grief",4,282
"bombing",4,283
"tensions",4,284
"makes",4,285
"look",4,286
"old",4,287
"bomb",4,288
"panel",4,289
"torture",4,290
"debt",4,291
"german",4,292
"wants",4,293
"advance",4,294
"vow",4,295
"ties",4,296
"interpreters",4,297
"envoy",4,298
"harris",4,299
"civilians",4,300
"australia",4,301
"killings",4,302
"riot",4,303
"west",4,304
"unity",4,305
"rights",4,306
"britain",4,307
"service",4,308
"case",4,309
"relief",4,310
"control",4,311
"hard",4,312
"backs",4,313
"green",4,314
"struggles",4,315
"diplomats",4,316
"myanmar",4,317
"campaign",4,318
"assange",4,319
"halt",4,320
"cuts",4,321
"western",4,322
"vows",4,323
"million",3,324
"pain",3,325
"everything",3,326
"air",3,327
"paper",3,328
"yet",3,329
"israeli",3,330
"hold",3,331
"turns",3,332
"built",3,333
"diplomatic",3,334
"blinken",3,335
"criticism",3,336
"escaping",3,337
"french",3,338
"members",3,339
"wave",3,340
"countries",3,341
"departure",3,342
"line",3,343
"clash",3,344
"canada",3,345
"opens",3,346
"car",3,347
"call",3,348
"light",3,349
"students",3,350
"college",3,351
"moves",3,352
"public",3,353
"trial",3,354
"fragile",3,355
"muslims",3,356
"travel",3,357
"presence",3,358
"reality",3,359
"helped",3,360
"china's",3,361
"rule",3,362
"missile",3,363
"within",3,364
"industry",3,365
"avoid",3,366
"want",3,367
"canada's",3,368
"sign",3,369
"civilian",3,370
"deaths",3,371
"casualties",3,372
"start",3,373
"nato",3,374
"detainee",3,375
"road",3,376
"prisoner",3,377
"influence",3,378
"rivals",3,379
"divide",3,380
"vice",3,381
"blast",3,382
"visa",3,383
"takeover",3,384
"blow",3,385
"taking",3,386
"worked",3,387
"front",3,388
"chance",3,389
"ease",3,390
"govern",3,391
"streets",3,392
"al",3,393
"august",3,394
"conflict",3,395
"held",3,396
"words",3,397
"beret",3,398
"venezuela",3,399
"reach",3,400
"purge",3,401
"promotion",3,402
"officer",3,403
"democratic",3,404
"facing",3,405
"inside",3,406
"growing",3,407
"sees",3,408
"saudi",3,409
"became",3,410
"pressure",3,411
"reports",3,412
"exits",3,413
"suicide",3,414
"can",3,415
"powers",3,416
"university",3,417
"rally",3,418
"arms",3,419
"country",3,420
"hails",3,421
"covid",3,422
"disaster",3,423
"assassination",3,424
"send",3,425
"place",3,426
"relations",3,427
"inquiry",3,428
"wars",3,429
"go",3,430
"effort",3,431
"recalls",3,432
"build",3,433
"seeks",3,434
"long",3,435
"meeting",3,436
"chaos",3,437
"climate",3,438
"system",3,439
"israel",3,440
"full",3,441
"forever",3,442
"gives",3,443
"right",3,444
"people",3,445
"speeds",3,446
"resistance",3,447
"doubled",3,448
"asia",3,449
"poses",3,450
"big",3,451
"billion",3,452
"france",3,453
"changes",3,454
"spending",3,455
"working",3,456
"continue",3,457
"term",3,458
"education",3,459
"possible",3,460
"embassy",3,461
"beyond",3,462
"victims",3,463
"foes",3,464
"early",3,465
"stage",3,466
"india's",3,467
"women's",3,468
"key",3,469
"killer",3,470
"got",3,471
"make",3,472
"russia's",3,473
"international",3,474
"crimes",3,475
"lost",3,476
"proud",3,477
"remain",3,478
"lawyer",3,479
"agencies",3,480
"remarks",3,481
"review",3,482
"bid",3,483
"unravels",3,484
"now",3,485
"rules",3,486
"record",3,487
"north",3,488
"casts",3,489
"rich",3,490
"delay",3,491
"blocks",3,492
"begins",3,493
"transfer",3,494
"grip",3,495
"virginia",3,496
"surge",3,497
"reduce",3,498
"airstrikes",3,499
"problems",2,500
"morocco",2,501
"outpost",2,502
"influx",2,503
"skepticism",2,504
"changed",2,505
"finally",2,506
"safe",2,507
"temporary",2,508
"soccer",2,509
"italy",2,510
"trillion",2,511
"economy",2,512
"virtual",2,513
"floods",2,514
"compound",2,515
"misery",2,516
"brings",2,517
"feel",2,518
"echoes",2,519
"nominee",2,520
"diversity",2,521
"20-year",2,522
"answers",2,523
"opposition",2,524
"belarus",2,525
"daily",2,526
"blunt",2,527
"rejects",2,528
"official's",2,529
"uncertainty",2,530
"despair",2,531
"girls",2,532
"journalists",2,533
"evacuations",2,534
"rages",2,535
"islamic",2,536
"pakistani",2,537
"district",2,538
"among",2,539
"much",2,540
"pledge",2,541
"boy",2,542
"plane",2,543
"name",2,544
"marines",2,545
"unit",2,546
"vaccinated",2,547
"started",2,548
"raped",2,549
"second",2,550
"holiday",2,551
"considers",2,552
"feud",2,553
"scenes",2,554
"runs",2,555
"palace",2,556
"shot",2,557
"advisers",2,558
"balk",2,559
"failed",2,560
"female",2,561
"propaganda",2,562
"increasingly",2,563
"erupts",2,564
"issues",2,565
"awaits",2,566
"next",2,567
"war's",2,568
"week",2,569
"rulers",2,570
"era",2,571
"mcmaster",2,572
"said",2,573
"plot",2,574
"quest",2,575
"contractor",2,576
"shows",2,577
"fault",2,578
"lines",2,579
"brief",2,580
"hampers",2,581
"swap",2,582
"pilots",2,583
"rape",2,584
"mount",2,585
"leader's",2,586
"agrees",2,587
"major",2,588
"brink",2,589
"questions",2,590
"bloodshed",2,591
"jobs",2,592
"decades",2,593
"polio",2,594
"militia",2,595
"appears",2,596
"truce",2,597
"lasting",2,598
"matter",2,599
"celebrate",2,600
"small",2,601
"soft",2,602
"roles",2,603
"become",2,604
"protesters",2,605
"responsibility",2,606
"swift",2,607
"earn",2,608
"enters",2,609
"phase",2,610
"drawing",2,611
"sides",2,612
"shaken",2,613
"leadership",2,614
"shakes",2,615
"masks",2,616
"muted",2,617
"derails",2,618
"erdogan",2,619
"talk",2,620
"deals",2,621
"fallen",2,622
"final",2,623
"rare",2,624
"response",2,625
"arrests",2,626
"stand",2,627
"post",2,628
"haunts",2,629
"soviet",2,630
"bridge",2,631
"legal",2,632
"doctrine",2,633
"crime",2,634
"task",2,635
"overturns",2,636
"ruling",2,637
"joins",2,638
"pulled",2,639
"niger",2,640
"ambush",2,641
"high",2,642
"ago",2,643
"reset",2,644
"party",2,645
"looks",2,646
"alarm",2,647
"tempers",2,648
"defiant",2,649
"world's",2,650
"children",2,651
"strategy",2,652
"ceiling",2,653
"just",2,654
"warning",2,655
"hiding",2,656
"hope",2,657
"crush",2,658
"dissent",2,659
"nations",2,660
"process",2,661
"frantic",2,662
"chancellor",2,663
"made",2,664
"deadline",2,665
"unlikely",2,666
"flash",2,667
"area",2,668
"run",2,669
"local",2,670
"naval",2,671
"commencement",2,672
"condemns",2,673
"chinese",2,674
"australian",2,675
"returns",2,676
"militias",2,677
"path",2,678
"success",2,679
"donations",2,680
"mercenary",2,681
"protests",2,682
"lashes",2,683
"press",2,684
"results",2,685
"ukraine",2,686
"office",2,687
"bush",2,688
"join",2,689
"extend",2,690
"easy",2,691
"trauma",2,692
"expected",2,693
"human",2,694
"familiar",2,695
"names",2,696
"tightening",2,697
"law",2,698
"retired",2,699
"debate",2,700
"atrocities",2,701
"genocide",2,702
"values",2,703
"decision",2,704
"terrorist",2,705
"pledges",2,706
"speech",2,707
"sense",2,708
"paths",2,709
"rival",2,710
"partner",2,711
"agenda",2,712
"vaccines",2,713
"joy",2,714
"walter",2,715
"counters",2,716
"picks",2,717
"detainees",2,718
"focus",2,719
"show",2,720
"body",2,721
"reuters",2,722
"photojournalist",2,723
"parts",2,724
"found",2,725
"bolton's",2,726
"book",2,727
"explosions",2,728
"u.k",2,729
"visit",2,730
"progress",2,731
"exiting",2,732
"infection",2,733
"weigh",2,734
"libya's",2,735
"combat",2,736
"later",2,737
"f.b.i",2,738
"agent",2,739
"memoir",2,740
"red",2,741
"steps",2,742
"aside",2,743
"investigation",2,744
"star",2,745
"boasts",2,746
"cluster-bomb",2,747
"posts",2,748
"raising",2,749
"fan",2,750
"central",2,751
"creating",2,752
"flights",2,753
"delayed",2,754
"surprise",2,755
"prosecutor",2,756
"wary",2,757
"troubles",2,758
"threats",2,759
"defying",2,760
"prepares",2,761
"budget",2,762
"deploy",2,763
"tests",2,764
"virginity",2,765
"cases",2,766
"lengthy",2,767
"sahel",2,768
"strains",2,769
"targets",2,770
"generals",2,771
"policies",2,772
"losing",2,773
"ban",2,774
"protect",2,775
"tied",2,776
"dread",2,777
"contractors",2,778
"erase",2,779
"draft",2,780
"rumsfeld",2,781
"laid",2,782
"rest",2,783
"haiti's",2,784
"brought",2,785
"struggle",2,786
"given",2,787
"months",2,788
"offering",2,789
"airlift",2,790
"pins",2,791
"profile",2,792
"lifted",2,793
"denies",2,794
"scheme",2,795
"nears",2,796
"details",2,797
"sentenced",2,798
"marine",2,799
"slain",2,800
"son",2,801
"restore",2,802
"arson",2,803
"reopen",2,804
"barrier",2,805
"becomes",2,806
"cut",2,807
"images",2,808
"juggling",2,809
"hostile",2,810
"vanish",2,811
"albania",2,812
"hunted",2,813
"across",2,814
"texas",2,815
"persists",2,816
"unfinished",2,817
"support",2,818
"survivor",2,819
"charged",2,820
"material",2,821
"event",2,822
"split",2,823
"feels",2,824
"alliance",2,825
"choices",2,826
"cleared",2,827
"sentence",2,828
"funding",2,829
"pushes",2,830
"waiting",2,831
"around",2,832
"options",2,833
"slow",2,834
"ways",2,835
"proceed",2,836
"murdered",2,837
"gone",2,838
"shut",2,839
"village",2,840
"aimed",2,841
"clear",2,842
"poor",2,843
"friends",2,844
"alike",2,845
"hear",2,846
"harm's",2,847
"kabul's",2,848
"command",2,849
"warship",2,850
"pact",2,851
"washington",2,852
"comes",2,853
"gun",2,854
"doctor",2,855
"assembly",2,856
"fueled",2,857
"unrest",2,858
"diplomat",2,859
"prompts",2,860
"branch",2,861
"staff",2,862
"break",2,863
"denied",2,864
"extradition",2,865
"stunning",2,866
"promises",2,867
"seize",2,868
"colonel",2,869
"rush",2,870
"balance",2,871
"actions",2,872
"inspector",2,873
"cheney",2,874
"efforts",2,875
"republicans",2,876
"miscue",2,877
"austin",2,878
"muslim",2,879
"ravage",2,880
"shield",2,881
"korea",2,882
"kandahar",2,883
"families",2,884
"visits",2,885
"speak",2,886
"killing",2,887
"fires",2,888
"list",2,889
"poised",2,890
"worries",2,891
"group",2,892
"health",2,893
"paring",2,894
"dept",2,895
"legacy",2,896
"intervention",2,897
"transcript",2,898
"risked",2,899
"helping",2,900
"struggling",2,901
"mideast",2,902
"spies",2,903
"took",2,904
"recognition",2,905
"making",2,906
"tighten",2,907
"voters",2,908
"polls",2,909
"keep",2,910
"festival",2,911
"enter",2,912
"taliban's",2,913
"silence",2,914
"demand",2,915
"rushes",2,916
"intensifies",2,917
"nothing",2,918
"let",2,919
"resettlement",2,920
"grows",2,921
"haven",2,922
"ugandan",2,923
"close",2,924
"afghan-taliban",2,925
"facebook",2,926
"reduction",2,927
"quiet",2,928
"ambitions",2,929
"launches",2,930
"urges",2,931
"south",2,932
"syria",2,933
"flare",2,934
"globally",2,935
"greek",2,936
"vigilante",2,937
"teams",2,938
"mansion",2,939
"program",1,940
"riddled",1,941
"psychedelic",1,942
"therapy",1,943
"jungle",1,944
"soothes",1,945
"spanish",1,946
"lie",1,947
"denial",1,948
"permeate",1,949
"embroiled",1,950
"crackdown",1,951
"refuge",1,952
"pilot's",1,953
"players",1,954
"inject",1,955
"doctors",1,956
"hospitals",1,957
"tend",1,958
"wounded",1,959
"slips",1,960
"avert",1,961
"nameless",1,962
"surrounded",1,963
"captivated",1,964
"battlefield",1,965
"unrelenting",1,966
"prisons",1,967
"urgency",1,968
"erases",1,969
"farmers",1,970
"income",1,971
"reliable",1,972
"crop",1,973
"hashish",1,974
"vietnamese",1,975
"overcame",1,976
"barriers",1,977
"c.e.o.s",1,978
"emirati",1,979
"investors",1,980
"click",1,981
"desert",1,982
"loving",1,983
"quite",1,984
"knows",1,985
"torn",1,986
"whisper",1,987
"lethal",1,988
"sticky",1,989
"bombs",1,990
"terrorize",1,991
"genial",1,992
"bridges",1,993
"sudden",1,994
"governs",1,995
"fumes",1,996
"accusing",1,997
"setting",1,998
"adrift",1,999
"panicked",1,1000
"try",1,1001
"hearts",1,1002
"crying",1,1003
"alone",1,1004
"harrowing",1,1005
"struck",1,1006
"deserve",1,1007
"burying",1,1008
"hazara",1,1009
"knife",1,1010
"lockdown",1,1011
"burkina",1,1012
"faso",1,1013
"ducked",1,1014
"shadows",1,1015
"2-day",1,1016
"raid",1,1017
"near",1,1018
"table",1,1019
"trudeau",1,1020
"absorbs",1,1021
"debates",1,1022
"five",1,1023
"candidates",1,1024
"chillier",1,1025
"accept",1,1026
"flight",1,1027
"inspires",1,1028
"newborn",1,1029
"tries",1,1030
"tread",1,1031
"greek-turkish",1,1032
"admitting",1,1033
"charge",1,1034
"trickle",1,1035
"botched",1,1036
"wrong",1,1037
"civility",1,1038
"truth",1,1039
"guiding",1,1040
"drugged",1,1041
"heard",1,1042
"candidate's",1,1043
"#metoo-tinged",1,1044
"ad",1,1045
"city's",1,1046
"defenders",1,1047
"closes",1,1048
"worried",1,1049
"dorms",1,1050
"apathy",1,1051
"conspiracy",1,1052
"theories",1,1053
"feeding",1,1054
"nonprofit",1,1055
"digital",1,1056
"dunkirk",1,1057
"officer's",1,1058
"double",1,1059
"lets",1,1060
"warily",1,1061
"large",1,1062
"girl's",1,1063
"gunfight",1,1064
"farewell",1,1065
"hopeful",1,1066
"millions",1,1067
"peril",1,1068
"food",1,1069
"empty",1,1070
"pockets",1,1071
"miles",1,1072
"kyiv",1,1073
"rescued",1,1074
"nerves",1,1075
"steel",1,1076
"buckingham",1,1077
"spotlight",1,1078
"warn",1,1079
"extremist",1,1080
"cleric",1,1081
"reminder",1,1082
"perhaps",1,1083
"preview",1,1084
"anti-tank",1,1085
"guided",1,1086
"helicopter",1,1087
"2nd",1,1088
"urban",1,1089
"climbing",1,1090
"calmed",1,1091
"ptsd",1,1092
"benchmarks",1,1093
"ruins",1,1094
"defeat",1,1095
"revered",1,1096
"warlord",1,1097
"seizing",1,1098
"win",1,1099
"interpreter",1,1100
"fuels",1,1101
"fled",1,1102
"headed",1,1103
"water",1,1104
"democrat",1,1105
"quit",1,1106
"rebuke",1,1107
"transfixed",1,1108
"awaiting",1,1109
"term's",1,1110
"already",1,1111
"acting",1,1112
"ex-official",1,1113
"pennsylvania",1,1114
"exhales",1,1115
"heads",1,1116
"kunduz",1,1117
"hint",1,1118
"pictures",1,1119
"defining",1,1120
"vilify",1,1121
"enemies",1,1122
"lonely",1,1123
"repudiate",1,1124
"wing",1,1125
"procedure",1,1126
"soar",1,1127
"monitors",1,1128
"rose",1,1129
"gave",1,1130
"surges",1,1131
"kin",1,1132
"errant",1,1133
"fiasco",1,1134
"files",1,1135
"clampdown",1,1136
"stifles",1,1137
"data",1,1138
"stumble",1,1139
"finishes",1,1140
"escaped",1,1141
"safety",1,1142
"uzbekistan",1,1143
"taken",1,1144
"power-sharing",1,1145
"honors",1,1146
"accused",1,1147
"withers",1,1148
"phased",1,1149
"pulls",1,1150
"collapses",1,1151
"imperiling",1,1152
"1,400-mile",1,1153
"trek",1,1154
"told",1,1155
"since",1,1156
"evades",1,1157
"arrest",1,1158
"uyghurs",1,1159
"deport",1,1160
"staunch",1,1161
"foe",1,1162
"survives",1,1163
"arrive",1,1164
"lose",1,1165
"stifling",1,1166
"raise",1,1167
"drones",1,1168
"investigate",1,1169
"film",1,1170
"mutilation",1,1171
"bodies",1,1172
"council",1,1173
"uncertain",1,1174
"istanbul",1,1175
"afraid",1,1176
"turmoil",1,1177
"cheers",1,1178
"wild",1,1179
"eradicated",1,1180
"rarely",1,1181
"abduction",1,1182
"sudanese",1,1183
"fugitive",1,1184
"coward",1,1185
"ghani's",1,1186
"infuriates",1,1187
"countrymen",1,1188
"buries",1,1189
"conflicts",1,1190
"capitols",1,1191
"citadels",1,1192
"far-right",1,1193
"mostly",1,1194
"no-shows",1,1195
"offshoot",1,1196
"foothold",1,1197
"fatigue",1,1198
"grips",1,1199
"apathetic",1,1200
"ashes",1,1201
"rebuilt",1,1202
"boston",1,1203
"sought",1,1204
"someone",1,1205
"settled",1,1206
"cooperative",1,1207
"tactics",1,1208
"hurdles",1,1209
"every",1,1210
"suffers",1,1211
"losses",1,1212
"resilient",1,1213
"qaeda's",1,1214
"saw",1,1215
"choice",1,1216
"either",1,1217
"unwinnable",1,1218
"voice",1,1219
"shock",1,1220
"dismay",1,1221
"incursion",1,1222
"dodging",1,1223
"lebanon",1,1224
"freed",1,1225
"beaches",1,1226
"marks",1,1227
"mat",1,1228
"leaning",1,1229
"powerful",1,1230
"strong",1,1231
"pivot",1,1232
"counterterrorism",1,1233
"meets",1,1234
"mourn",1,1235
"accusations",1,1236
"fatally",1,1237
"message",1,1238
"challenging",1,1239
"hair",1,1240
"vacated",1,1241
"echo",1,1242
"ex-green",1,1243
"situation",1,1244
"room",1,1245
"lot",1,1246
"obama's",1,1247
"suspects",1,1248
"justice",1,1249
"ousted",1,1250
"dims",1,1251
"promising",1,1252
"judge's",1,1253
"arizona's",1,1254
"embattled",1,1255
"governor",1,1256
"anti-mask",1,1257
"cause",1,1258
"attackers",1,1259
"kidnap",1,1260
"miners",1,1261
"tension",1,1262
"unreality",1,1263
"unfolds",1,1264
"koreans",1,1265
"recall",1,1266
"miracle",1,1267
"lone",1,1268
"representative",1,1269
"perpetual",1,1270
"pivotal",1,1271
"skeptical",1,1272
"tone",1,1273
"closed",1,1274
"schools",1,1275
"poorest",1,1276
"went",1,1277
"stoke",1,1278
"multitudes",1,1279
"discredit",1,1280
"mcconnell",1,1281
"spurs",1,1282
"backlash",1,1283
"dire",1,1284
"pleading",1,1285
"assistance",1,1286
"inroads",1,1287
"neo-nazis",1,1288
"others",1,1289
"condemn",1,1290
"dissident's",1,1291
"poisoning",1,1292
"along",1,1293
"strengthens",1,1294
"negotiators",1,1295
"ex-officer",1,1296
"clings",1,1297
"signal",1,1298
"cascading",1,1299
"challenges",1,1300
"detentions",1,1301
"executions",1,1302
"amnesty",1,1303
"united",1,1304
"calamity",1,1305
"implies",1,1306
"embassy's",1,1307
"fate",1,1308
"crowd",1,1309
"bomber",1,1310
"hid",1,1311
"plain",1,1312
"sight",1,1313
"life-or-death",1,1314
"preoccupies",1,1315
"limits",1,1316
"revisits",1,1317
"authorize",1,1318
"asylum",1,1319
"seeker",1,1320
"son's",1,1321
"fathers",1,1322
"aim",1,1323
"bars",1,1324
"personal",1,1325
"boat",1,1326
"sinks",1,1327
"flood",1,1328
"scores",1,1329
"crash",1,1330
"copter",1,1331
"clashes",1,1332
"speaks",1,1333
"academy",1,1334
"drag",1,1335
"pro-taliban",1,1336
"failure",1,1337
"droves",1,1338
"veiled",1,1339
"reasserts",1,1340
"affairs",1,1341
"mine",1,1342
"charity",1,1343
"disgusting",1,1344
"slur",1,1345
"dismiss",1,1346
"cover-up",1,1347
"chaotic",1,1348
"curb",1,1349
"unvaccinated",1,1350
"ignored",1,1351
"warnings",1,1352
"dams",1,1353
"risks",1,1354
"spotlights",1,1355
"colombia's",1,1356
"crushed",1,1357
"scant",1,1358
"approves",1,1359
"reluctant",1,1360
"reaches",1,1361
"oval",1,1362
"treaty",1,1363
"presidents",1,1364
"joust",1,1365
"laces",1,1366
"un-american",1,1367
"bids",1,1368
"limit",1,1369
"voting",1,1370
"philosophy",1,1371
"leans",1,1372
"centrist",1,1373
"strives",1,1374
"anti-trump",1,1375
"finding",1,1376
"agents",1,1377
"mistreated",1,1378
"haitians",1,1379
"scolds",1,1380
"declared",1,1381
"spurning",1,1382
"critics",1,1383
"notable",1,1384
"undercuts",1,1385
"worst",1,1386
"hoped",1,1387
"condolence",1,1388
"affirming",1,1389
"selects",1,1390
"surprising",1,1391
"authorizing",1,1392
"suggest",1,1393
"image",1,1394
"moderating",1,1395
"hacking",1,1396
"choose",1,1397
"plays",1,1398
"game",1,1399
"declare",1,1400
"ottomans",1,1401
"armenia",1,1402
"presidency",1,1403
"smarts",1,1404
"receives",1,1405
"longer",1,1406
"blistering",1,1407
"surrendered",1,1408
"coronavirus",1,1409
"tough",1,1410
"vastly",1,1411
"expand",1,1412
"update",1,1413
"much-stretched",1,1414
"authorizes",1,1415
"terrorism",1,1416
"achieving",1,1417
"avoiding",1,1418
"abandonment",1,1419
"rebuffing",1,1420
"sticking",1,1421
"closing",1,1422
"politically",1,1423
"toxic",1,1424
"board",1,1425
"winding",1,1426
"endorse",1,1427
"deliver",1,1428
"poorer",1,1429
"gutted",1,1430
"needy",1,1431
"sets",1,1432
"date",1,1433
"nation's",1,1434
"longest",1,1435
"tours",1,1436
"orleans",1,1437
"hurricane",1,1438
"damage",1,1439
"visiting",1,1440
"reed",1,1441
"underscores",1,1442
"partnership",1,1443
"cautions",1,1444
"cybercriminals",1,1445
"yellen",1,1446
"treasury",1,1447
"firsts",1,1448
"addressing",1,1449
"national",1,1450
"convention",1,1451
"door",1,1452
"clarifying",1,1453
"pushed",1,1454
"fortifying",1,1455
"alliances",1,1456
"frets",1,1457
"job",1,1458
"aligns",1,1459
"frustrated",1,1460
"majority",1,1461
"explosion",1,1462
"eight",1,1463
"madrasa",1,1464
"g7",1,1465
"mending",1,1466
"fences",1,1467
"blinken's",1,1468
"warm",1,1469
"hide",1,1470
"differences",1,1471
"blood",1,1472
"lust",1,1473
"demigods:behind",1,1474
"slaughter",1,1475
"afghansby",1,1476
"squadron",1,1477
"plans",1,1478
"x",1,1479
"revival",1,1480
"mutilated",1,1481
"custody",1,1482
"landing",1,1483
"gear",1,1484
"offenses",1,1485
"exceeded",1,1486
"rock",1,1487
"school",1,1488
"standoff",1,1489
"sharply",1,1490
"highlights",1,1491
"tells",1,1492
"jokes",1,1493
"born",1,1494
"carnage",1,1495
"confusion",1,1496
"uproar",1,1497
"obscures",1,1498
"recognizes",1,1499
"ottoman-era",1,1500
"massacre",1,1501
"armenians",1,1502
"relocation",1,1503
"britons",1,1504
"unfazed",1,1505
"rates",1,1506
"price",1,1507
"freedom",1,1508
"scorns",1,1509
"borders",1,1510
"free-for-all",1,1511
"slide",1,1512
"protested",1,1513
"tell",1,1514
"entire",1,1515
"story",1,1516
"code",1,1517
"pushing",1,1518
"infrastructure",1,1519
"broadcasting",1,1520
"nervously",1,1521
"assist",1,1522
"vulnerable",1,1523
"witnesses",1,1524
"rioters",1,1525
"caving",1,1526
"islamists",1,1527
"weighs",1,1528
"expelling",1,1529
"census",1,1530
"bureau",1,1531
"adds",1,1532
"top-level",1,1533
"count",1,1534
"strife",1,1535
"racing",1,1536
"desperation",1,1537
"postpone",1,1538
"arraignment",1,1539
"move",1,1540
"retiring",1,1541
"olympics",1,1542
"invitation",1,1543
"peaceful",1,1544
"reconciliation",1,1545
"nationalists",1,1546
"sneer",1,1547
"backdrop",1,1548
"clinic",1,1549
"engulfs",1,1550
"coaxing",1,1551
"secured",1,1552
"approved",1,1553
"increase",1,1554
"pentagon's",1,1555
"outraged",1,1556
"true",1,1557
"congressman",1,1558
"traveling",1,1559
"kitchen",1,1560
"cross",1,1561
"abolishes",1,1562
"pulitzer",1,1563
"prize-winning",1,1564
"dismantling",1,1565
"southern",1,1566
"tutor",1,1567
"erasing",1,1568
"repeal",1,1569
"divides",1,1570
"debating",1,1571
"rejected",1,1572
"view",1,1573
"divided",1,1574
"resume",1,1575
"battles",1,1576
"priorities",1,1577
"politics",1,1578
"testimony",1,1579
"sex",1,1580
"stampede",1,1581
"sell",1,1582
"ambitious",1,1583
"investigating",1,1584
"silencer",1,1585
"sales",1,1586
"absence",1,1587
"rushing",1,1588
"proof",1,1589
"describe",1,1590
"fade",1,1591
"passed",1,1592
"surrender",1,1593
"followed",1,1594
"men-only",1,1595
"violate",1,1596
"constitution",1,1597
"donald",1,1598
"h",1,1599
"ex-defense",1,1600
"debacle",1,1601
"donors",1,1602
"less",1,1603
"needs",1,1604
"misuse",1,1605
"threaten",1,1606
"recovery",1,1607
"ill",1,1608
"gino",1,1609
"strada",1,1610
"surgeon",1,1611
"medicine",1,1612
"institutional",1,1613
"weakness",1,1614
"compounds",1,1615
"predicament",1,1616
"hunter",1,1617
"fraud",1,1618
"eager",1,1619
"narrative",1,1620
"historical",1,1621
"perspective",1,1622
"ex-spies",1,1623
"recruited",1,1624
"liberal",1,1625
"libyan",1,1626
"lauds",1,1627
"trust",1,1628
"european",1,1629
"phases",1,1630
"frenzied",1,1631
"cites",1,1632
"minorities",1,1633
"getting",1,1634
"means",1,1635
"risking",1,1636
"pen",1,1637
"halts",1,1638
"cards",1,1639
"loopholes",1,1640
"ex-f.b.i",1,1641
"vanished",1,1642
"probably",1,1643
"ex-analyst",1,1644
"leaked",1,1645
"warfare",1,1646
"links",1,1647
"florida",1,1648
"nightmare",1,1649
"parents",1,1650
"soldier",1,1651
"flock",1,1652
"reprieve",1,1653
"implore",1,1654
"feeling",1,1655
"spurned",1,1656
"encouragement",1,1657
"destroys",1,1658
"europe's",1,1659
"largest",1,1660
"optimism",1,1661
"emerge",1,1662
"strive",1,1663
"cement",1,1664
"error",1,1665
"tarnishes",1,1666
"twice",1,1667
"falls",1,1668
"common",1,1669
"dark",1,1670
"rises",1,1671
"gains",1,1672
"shove",1,1673
"closer",1,1674
"post-9",1,1675
"painfully",1,1676
"cautious",1,1677
"ones",1,1678
"wanted",1,1679
"naming",1,1680
"audience",1,1681
"slowly",1,1682
"dwindles",1,1683
"flynn's",1,1684
"immigrants",1,1685
"blackest",1,1686
"democracy",1,1687
"act",1,1688
"fronts",1,1689
"neighbors",1,1690
"netanyahu",1,1691
"presents",1,1692
"kept",1,1693
"coming",1,1694
"blob",1,1695
"moment",1,1696
"bonded",1,1697
"driven",1,1698
"apart",1,1699
"rancor",1,1700
"hard-won",1,1701
"commanders",1,1702
"denounce",1,1703
"jigsaw",1,1704
"puzzle",1,1705
"ticking",1,1706
"clock",1,1707
"jailed",1,1708
"cuba",1,1709
"deported",1,1710
"flowing",1,1711
"hot",1,1712
"spot",1,1713
"pelosi",1,1714
"bipartisan",1,1715
"oversee",1,1716
"qatar",1,1717
"emerges",1,1718
"go-between",1,1719
"kidnapping",1,1720
"starts",1,1721
"maternity",1,1722
"ward",1,1723
"cemetery",1,1724
"assaults",1,1725
"u.s.-taliban",1,1726
"give",1,1727
"weak",1,1728
"pliable",1,1729
"neighbor",1,1730
"unearthing",1,1731
"stories",1,1732
"business",1,1733
"skimmed",1,1734
"erode",1,1735
"george",1,1736
"shultz",1,1737
"cold",1,1738
"neo-nazi",1,1739
"assassinating",1,1740
"backer",1,1741
"merkel's",1,1742
"germany's",1,1743
"ghani",1,1744
"oath",1,1745
"giant",1,1746
"ruffles",1,1747
"feathers",1,1748
"gil",1,1749
"loescher",1,1750
"fought",1,1751
"address",1,1752
"cadets",1,1753
"uneasy",1,1754
"pursued",1,1755
"grilled",1,1756
"mocks",1,1757
"plight",1,1758
"lawyers",1,1759
"ask",1,1760
"obtained",1,1761
"snipers",1,1762
"attended",1,1763
"gunmen",1,1764
"royal",1,1765
"sussexes",1,1766
"shifts",1,1767
"résumé",1,1768
"robot",1,1769
"trash",1,1770
"worshipful",1,1771
"faithful",1,1772
"saved",1,1773
"142-year",1,1774
"recent",1,1775
"friction",1,1776
"barely",1,1777
"older",1,1778
"bringing",1,1779
"teen",1,1780
"dream",1,1781
"fund-raisers",1,1782
"music",1,1783
"stars",1,1784
"israel's",1,1785
"iron",1,1786
"dome",1,1787
"hasten",1,1788
"passes",1,1789
"allowing",1,1790
"passage",1,1791
"measure",1,1792
"cues",1,1793
"face-off",1,1794
"claw",1,1795
"1st",1,1796
"sergeant-at-arms",1,1797
"named",1,1798
"override",1,1799
"veto",1,1800
"athletes",1,1801
"defied",1,1802
"odds",1,1803
"japan",1,1804
"exposé",1,1805
"reignites",1,1806
"payments",1,1807
"reckoning",1,1808
"suspicions",1,1809
"outreach",1,1810
"space",1,1811
"teenagers",1,1812
"taught",1,1813
"splintered",1,1814
"lifeline",1,1815
"superpower",1,1816
"surveys",1,1817
"afar",1,1818
"spread",1,1819
"rebel",1,1820
"clues",1,1821
"shiver",1,1822
"bosnia",1,1823
"allows",1,1824
"angering",1,1825
"opening",1,1826
"ida",1,1827
"nudel",1,1828
"angel",1,1829
"jews",1,1830
"chechen",1,1831
"shed",1,1832
"contract",1,1833
"widows",1,1834
"scrapes",1,1835
"shadow",1,1836
"opium",1,1837
"facts",1,1838
"hazy",1,1839
"piling",1,1840
"surfaces",1,1841
"value",1,1842
"kidney",1,1843
"preys",1,1844
"solemn",1,1845
"hours",1,1846
"hightops",1,1847
"exude",1,1848
"fashion",1,1849
"single",1,1850
"transforms",1,1851
"african",1,1852
"marriage",1,1853
"convenience",1,1854
"tones",1,1855
"stronghold",1,1856
"gym",1,1857
"mourning",1,1858
"bear",1,1859
"get-out-of-jail",1,1860
"card",1,1861
"mobsters",1,1862
"shabby",1,1863
"chic",1,1864
"towers",1,1865
"heart",1,1866
"packs",1,1867
"dogs",1,1868
"night",1,1869
"fights",1,1870
"vaccinate",1,1871
"louisiana",1,1872
"a.m",1,1873
"p.m",1,1874
"wrestling",1,1875
"holdout",1,1876
"province",1,1877
"corners",1,1878
"autonomy",1,1879
"middle",1,1880
"east",1,1881
"shanksville",1,1882
"field",1,1883
"flags",1,1884
"southeast",1,1885
"chides",1,1886
"promoting",1,1887
"enrages",1,1888
"fleeing",1,1889
"areas",1,1890
"scene",1,1891
"post-soviet",1,1892
"uprisings",1,1893
"blows",1,1894
"forum",1,1895
"dedicated",1,1896
"speeches",1,1897
"exalted",1,1898
"ideals",1,1899
"stoked",1,1900
"resentments",1,1901
"scour",1,1902
"grants",1,1903
"hindus",1,1904
"sikhs",1,1905
"priority",1,1906
"barrage",1,1907
"indonesian",1,1908
"so-called",1,1909
"bunco",1,1910
"nursing",1,1911
"discover",1,1912
"outrage",1,1913
"anxiety",1,1914
"shadowy",1,1915
"lures",1,1916
"delivers",1,1917
"ex-patrons",1,1918
"spin",1,1919
"obliged",1,1920
"carry",1,1921
"boss's",1,1922
"bidding",1,1923
"predict",1,1924
"contradicting",1,1925
"rapid",1,1926
"forgo",1,1927
"executes",1,1928
"dissident",1,1929
"iranian",1,1930
"tehran's",1,1931
"thwart",1,1932
"detainee's",1,1933
"reported",1,1934
"paralysis",1,1935
"order",1,1936
"emergency",1,1937
"immediate",1,1938
"sounds",1,1939
"acute",1,1940
"long-awaited",1,1941
"mosque",1,1942
"briefly",1,1943
"restrictions",1,1944
"winner",1,1945
"boredom",1,1946
"operations",1,1947
"javier",1,1948
"pérez",1,1949
"de",1,1950
"cuéllar",1,1951
"vital",1,1952
"pacts",1,1953
"lady",1,1954
"chases",1,1955
"elusive",1,1956
"promise",1,1957
"joanna",1,1958
"harcourt-smith",1,1959
"joined",1,1960
"leary",1,1961
"lsd-fueled",1,1962
"affair",1,1963
"frayed",1,1964
"bond",1,1965
"journey",1,1966
"lessons",1,1967
"odd",1,1968
"palin",1,1969
"ex-chief",1,1970
"keeps",1,1971
"silent",1,1972
"johnson",1,1973
"inviting",1,1974
"taxes",1,1975
"abused",1,1976
"released",1,1977
"bail",1,1978
"blocked",1,1979
"capture",1,1980
"provincial",1,1981
"falling",1,1982
"kyrgyzstan",1,1983
"parliament",1,1984
"involved",1,1985
"provide",1,1986
"assisted",1,1987
"hectic",1,1988
"draws",1,1989
"aisle",1,1990
"liberals",1,1991
"grow",1,1992
"impatient",1,1993
"factions",1,1994
"weeks",1,1995
"supremacists",1,1996
"organized",1,1997
"overseeing",1,1998
"macron",1,1999
"battling",1,2000
"mandela",1,2001
"dalai",1,2002
"lama",1,2003
"gorbachev",1,2004
"mccarthy",1,2005
"endorses",1,2006
"replace",1,2007
"abetting",1,2008
"putin's",1,2009
"measles",1,2010
"newly",1,2011
"elected",1,2012
"embody",1,2013
"party's",1,2014
"aftermath",1,2015
"angelas",1,2016
"thanks",1,2017
"often",1,2018
"floated",1,2019
"chosen",1,2020
"discussions",1,2021
"leading",1,2022
"wage",1,2023
"freeing",1,2024
"analysis",1,2025
"raises",1,2026
"deadly",1,2027
"advised",1,2028
"scrambling",1,2029
"walk",1,2030
"track",1,2031
"driver",1,2032
"claiming",1,2033
"self-defense",1,2034
"shooting",1,2035
"nominated",1,2036
"wide",1,2037
"reveals",1,2038
"head",1,2039
"consulted",1,2040
"orderly",1,2041
"coordinated",1,2042
"deliberate",1,2043
"part",1,2044
"memo",1,2045
"focuses",1,2046
"gaps",1,2047
"core",1,2048
"supports",1,2049
"iranians",1,2050
"spine-chilling",1,2051
"screening",1,2052
"fliers",1,2053
"harden",1,2054
"capital's",1,2055
"inhuman",1,2056
"christchurch",1,2057
"nikolai",1,2058
"antoshkin",1,2059
"led",1,2060
"firefight",1,2061
"chernobyl",1,2062
"prize",1,2063
"second-guessed",1,2064
"reactor",1,2065
"active",1,2066
"agency",1,2067
"number",1,2068
"reporting",1,2069
"hawks",1,2070
"advise",1,2071
"assails",1,2072
"supported",1,2073
"scared",1,2074
"rattle",1,2075
"helmand",1,2076
"rely",1,2077
"dismayed",1,2078
"thrall",1,2079
"stunned",1,2080
"outcry",1,2081
"paris",1,2082
"dispel",1,2083
"renew",1,2084
"builds",1,2085
"fence",1,2086
"limiting",1,2087
"unhappy",1,2088
"cancel",1,2089
"minute",1,2090
"conviction",1,2091
"squalid",1,2092
"lockdowns",1,2093
"predators",1,2094
"worldwide",1,2095
"especially",1,2096
"victories",1,2097
"pitch",1,2098
"objectives",1,2099
"times",1,2100
"shatter",1,2101
"penelope",1,2102
"laingen",1,2103
"whose",1,2104
"ribbon",1,2105
"together",1,2106
"mistake",1,2107
"units",1,2108
"missions",1,2109
"ahead",1,2110
"doubts",1,2111
"account",1,2112
"ruthless",1,2113
"aerial",1,2114
"asks",1,2115
"carrier",1,2116
"subtle",1,2117
"softens",1,2118
"wean",1,2119
"dependency",1,2120
"develops",1,2121
"proposal",1,2122
"moved",1,2123
"burned",1,2124
"site",1,2125
"boys",1,2126
"bigger",1,2127
"looked",1,2128
"rebuffed",1,2129
"produces",1,2130
"turbulent",1,2131
"tenure",1,2132
"dubious",1,2133
"pope",1,2134
"criticizes",1,2135
"messy",1,2136
"prince",1,2137
"philip",1,2138
"intimate",1,2139
"ceremony",1,2140
"tradition",1,2141
"elevating",1,2142
"4-star",1,2143
"commands",1,2144
"flynn",1,2145
"selling",1,2146
"anger",1,2147
"t-shirts",1,2148
"normalize",1,2149
"quandary",1,2150
"raids",1,2151
"point",1,2152
"shifting",1,2153
"drug",1,2154
"poet",1,2155
"epic",1,2156
"loose",1,2157
"rebuking",1,2158
"iran's",1,2159
"demands",1,2160
"reduced",1,2161
"rubble",1,2162
"rebuild",1,2163
"entry",1,2164
"surveils",1,2165
"extremists",1,2166
"saharan",1,2167
"hearing",1,2168
"milley",1,2169
"fiscal",1,2170
"stalemate",1,2171
"question",1,2172
"loyalty",1,2173
"steer",1,2174
"salvaging",1,2175
"resumes",1,2176
"i.c.c",1,2177
"revoked",1,2178
"stem",1,2179
"infections",1,2180
"robert",1,2181
"fisk",1,2182
"chronicled",1,2183
"come",1,2184
"rename",1,2185
"rosy",1,2186
"dash",1,2187
"paying",1,2188
"condolences",1,2189
"offered",1,2190
"suspected",1,2191
"bulgarian",1,2192
"cocoon",1,2193
"hall",1,2194
"ruth",1,2195
"pearl",1,2196
"mother",1,2197
"civil",1,2198
"gripping",1,2199
"shots",1,2200
"approach",1,2201
"nice",1,2202
"portrait",1,2203
"vise",1,2204
"confirms",1,2205
"installing",1,2206
"military-grade",1,2207
"weaponry",1,2208
"veto-proof",1,2209
"unmet",1,2210
"activist's",1,2211
"jails",1,2212
"young",1,2213
"change",1,2214
"challenge",1,2215
"omar",1,2216
"comments",1,2217
"spur",1,2218
"infighting",1,2219
"jan",1,2220
"repeat",1,2221
"ex-intelligence",1,2222
"briefer",1,2223
"presses",1,2224
"sluggish",1,2225
"delays",1,2226
"evacuating",1,2227
"discovery",1,2228
"tipped",1,2229
"spy",1,2230
"status",1,2231
"outlets",1,2232
"stigma",1,2233
"resident",1,2234
"pointing",1,2235
"finger",1,2236
"throng",1,2237
"elections",1,2238
"anti-taliban",1,2239
"hires",1,2240
"lobbyist",1,2241
"financial",1,2242
"broker",1,2243
"u.s.-australia",1,2244
"suhaila",1,2245
"siddiq",1,2246
"blasts",1,2247
"hunt",1,2248
"supreme",1,2249
"money",1,2250
"transfers",1,2251
"bolstered",1,2252
"belief",1,2253
"red-district",1,2254
"predictions",1,2255
"seats",1,2256
"backfire",1,2257
"taliban-afghan",1,2258
"regime",1,2259
"assume",1,2260
"march",1,2261
"outbreak",1,2262
"panjshir",1,2263
"valley",1,2264
"bucking",1,2265
"refuse",1,2266
"include",1,2267
"second-largest",1,2268
"fail",1,2269
"prevent",1,2270
"captures",1,2271
"protest",1,2272
"flickers",1,2273
"provinces",1,2274
"rout",1,2275
"violent",1,2276
"clouds",1,2277
"besiege",1,2278
"undermining",1,2279
"rise",1,2280
"signing",1,2281
"evacuate",1,2282
"secure",1,2283
"regional",1,2284
"hub",1,2285
"ministry",1,2286
"houses",1,2287
"misjudging",1,2288
"pace",1,2289
"sweep",1,2290
"districts",1,2291
"governing",1,2292
"violated",1,2293
"shelling",1,2294
"senator",1,2295
"describes",1,2296
"stop",1,2297
"deportation",1,2298
"adversity",1,2299
"drives",1,2300
"graham",1,2301
"toward",1,2302
"living",1,2303
"testy",1,2304
"exchange",1,2305
"bolder",1,2306
"slip",1,2307
"grasp",1,2308
"dealer",1,2309
"crosshairs",1,2310
"squad",1,2311
"klain's",1,2312
"applicants",1,2313
"director",1,2314
"traveled",1,2315
"contradiction",1,2316
"doomed",1,2317
"looking",1,2318
"re-engage",1,2319
"rhodes",1,2320
"scholar",1,2321
"phone",1,2322
"transcripts",1,2323
"kindling",1,2324
"kremlin-fueled",1,2325
"wish",1,2326
"share",1,2327
"hajj",1,2328
"canceled",1,2329
"negotiations",1,2330
"consider",1,2331
"whether",1,2332
"espionage",1,2333
"lax",1,2334
"vetting",1,2335
"trainee",1,2336
"shoot",1,2337
"revealed",1,2338
"schism",1,2339
"sept",1,2340
"policy's",1,2341
"stain",1,2342
"enmity",1,2343
"need",1,2344
"using",1,2345
"county",1,2346
"fractures",1,2347
"diverging",1,2348
"photographs",1,2349
"importance",1,2350
"riding",1,2351
"salvaged",1,2352
"relics",1,2353
"lies",1,2354
"truths",1,2355
"thrown",1,2356
"looming",1,2357
"circle",1,2358
"provoking",1,2359
"believe",1,2360
"won",1,2361
"wonder",1,2362
"insurgency's",1,2363
"neighborhoods",1,2364
"spared",1,2365
"brutal",1,2366
"testing",1,2367
"patience",1,2368
"sounding",1,2369
"alarms",1,2370
"conciliation",1,2371
"conflicted",1,2372
"prospect",1,2373
"pastoral",1,2374
"corridor",1,2375
"edge",1,2376
"libraries",1,2377
"monuments",1,2378
"cost",1,2379
"nepali",1,2380
"unable",1,2381
"3rd",1,2382
"prominent",1,2383
"commander",1,2384
"ebbs",1,2385
"lasts",1,2386
"outside",1,2387
"thomas",1,2388
"sullivan",1,2389
"rooted",1,2390
"case-fixing",1,2391
"chicago's",1,2392
"await",1,2393
"crammed",1,2394
"shelters",1,2395
"formally",1,2396
"linked",1,2397
"bali",1,2398
"three",1,2399
"outlet",1,2400
"gunned",1,2401
"disputes",1,2402
"outlining",1,2403
"goals",1,2404
"conference",1,2405
"art",1,2406
"hubris",1,2407
"b-52s",1,2408
"fly",1,2409
"persian",1,2410
"gulf",1,2411
"deterrent",1,2412
"tehran",1,2413
"last-second",1,2414
"underscore",1,2415
"frailty",1,2416
"hides",1,2417
"friend",1,2418
"lists",1,2419
"users",1,2420
"save",1,2421
"chatter",1,2422
"calling",1,2423
"unfit",1,2424
"continues",1,2425
"leahy",1,2426
"juggles",1,2427
"responsibilities",1,2428
"juror",1,2429
"witness",1,2430
"distorted",1,2431
"meddling",1,2432
"sues",1,2433
"vets",1,2434
"appointee",1,2435
"confirmed",1,2436
"numbers",1,2437
"sink",1,2438
"confronts",1,2439
"somber",1,2440
"villain",1,2441
"furor",1,2442
"esper",1,2443
"february",1,2444
"aides",1,2445
"indict",1,2446
"exaggerates",1,2447
"accelerate",1,2448
"shutter",1,2449
"pursuing",1,2450
"atop",1,2451
"fresh",1,2452
"hard-liners",1,2453
"defers",1,2454
"dismisses",1,2455
"hug",1,2456
"suggests",1,2457
"gold",1,2458
"infected",1,2459
"post-watergate",1,2460
"reform",1,2461
"stays",1,2462
"milestone",1,2463
"hem",1,2464
"experts",1,2465
"pharmaceutical",1,2466
"manhood",1,2467
"contest",1,2468
"yields",1,2469
"withdrawing",1,2470
"critical",1,2471
"pushback",1,2472
"devos",1,2473
"doubt",1,2474
"allowed",1,2475
"offense",1,2476
"stands",1,2477
"sidelines",1,2478
"disclosed",1,2479
"withdraw",1,2480
"catches",1,2481
"inmates",1,2482
"britain's",1,2483
"citing",1,2484
"mental",1,2485
"buying",1,2486
"round",1,2487
"indefinite",1,2488
"embargo",1,2489
"avail",1,2490
"spend",1,2491
"fifth",1,2492
"northern",1,2493
"planes",1,2494
"secretive",1,2495
"hurried",1,2496
"explosive",1,2497
"beirut",1,2498
"detention",1,2499
"citizen",1,2500
"withdraws",1,2501
"secretly",1,2502
"fell",1,2503
"sick",1,2504
"minimized",1,2505
"training",1,2506
"guinean",1,2507
"coup",1,2508
"hints",1,2509
"cutoff",1,2510
"mulls",1,2511
"discloses",1,2512
"rivalry",1,2513
"hurt",1,2514
"bombing's",1,2515
"soars",1,2516
"seized",1,2517
"angry",1,2518
"departs",1,2519
"effectively",1,2520
"medical",1,2521
"tally",1,2522
"jump-start",1,2523
"reimpose",1,2524
"objections",1,2525
"citizens",1,2526
"beijing's",1,2527
"illegal",1,2528
"reinforcements",1,2529
"deployed",1,2530
"urged",1,2531
"alarmed",1,2532
"11th-hour",1,2533
"wings",1,2534
"ready",1,2535
"adjust",1,2536
"posture",1,2537
"announce",1,2538
"drawdown",1,2539
"relocate",1,2540
"special",1,2541
"processed",1,2542
"investigators",1,2543
"punishment",1,2544
"fulfill",1,2545
"goal",1,2546
"halve",1,2547
"inauguration",1,2548
"deploying",1,2549
"stability",1,2550
"surging",1,2551
"respect",1,2552
"used",1,2553
"weapon",1,2554
"blades",1,2555
"anguish",1,2556
"sorrows",1,2557
"eyes",1,2558
"pull",1,2559
"retains",1,2560
"35-year",1,2561
"ukraine's",1,2562
"assurances",1,2563
"eerie",1,2564
"meet",1,2565
"ultimatum",1,2566
"cell",1,2567
"fortify",1,2568
"ranks",1,2569
"align",1,2570
"views",1,2571
"vietnam",1,2572
"owes",1,2573
"treatment",1,2574
"threatens",1,2575
"pence",1,2576
"defensive",1,2577
"rhetorical",1,2578
"weeds",1,2579
"inspire",1,2580
"deployment",1,2581
"baby",1,2582
"waive",1,2583
"rent",1,2584
"mondale",1,2585
"yemen",1,2586
"spreadsheets",1,2587
"countdown",1,2588
"respite",1,2589
"mob",1,2590
"sway",1,2591
"classified",1,2592
"weighing",1,2593
"all-too-familiar",1,2594
"dilemma",1,2595
"welcoming",1,2596
"ancient",1,2597
"kalash",1,2598
"delta",1,2599
"impeachment",1,2600
"troubled",1,2601
"wear",1,2602
"swing",1,2603
"district's",1,2604
"heartbreak",1,2605
"heroes",1,2606
"going",1,2607
"gates",1,2608
"hell",1,2609
"thrust",1,2610
"hardship",1,2611
"humans",1,2612
"adapt",1,2613
"cope",1,2614
"remarkable",1,2615
"vigilante's",1,2616
"action",1,2617
"vaccination",1,2618
"corruption",1,2619
"pomegranate",1,2620
"maintains",1,2621
"knew",1,2622
"hostage",1,2623
"stops",1,2624
"short",1,2625
"current",1,2626
"appointed",1,2627
"positions",1,2628
"opulent",1,2629
"ignites",1,2630
"rage",1,2631
"contenders",1,2632
"invisible",1,2633
"ended",1,2634
"dispute",1,2635
"resurrects",1,2636
"bitter",1,2637
"memory",1,2638
"to-do",1,2639
"rapport",1,2640
"abroad",1,2641
"harris's",1,2642
"husband",1,2643
"must",1,2644
"overcome",1,2645
"obstacles",1,2646
"obtain",1,2647
"ever",1,2648
"stronger",1,2649
"prioritizes",1,2650
"nation-building",1,2651
"pulling",1,2652
"insurgent",1,2653
"ring",1,2654
"siege",1,2655
"cordial",1,2656
"supporters",1,2657
"pardon",1,2658
"storming",1,2659
"discovered",1,2660
"side",1,2661
