article_id,date,headline_main
1,2/29/2020,4 Takeaways From the U.S. Deal With the Taliban
2,2/29/2020,Taliban and U.S. Strike Deal to Withdraw American Troops From Afghanistan
3,3/1/2020,Afghanistan War Enters New Stage as U.S. Military Prepares to Exit
4,3/2/2020,"At Center of Taliban Deal, a U.S. Envoy Who Made It Personal"
5,3/2/2020,U.S. Announces Troop Withdrawal in Afghanistan as Respite From Violence Ends
6,3/3/2020,Trump Speaks With a Taliban Leader
7,3/4/2020,Taliban Ramp Up Attacks on Afghans After Trump Says ‘No Violence’
8,3/5/2020,"After Tours in Afghanistan, U.S. Veterans Weigh Peace With the Taliban"
9,3/5/2020,Javier Pérez de Cuéllar Dies at 100; U.N. Chief Brokered Peace Pacts
10,3/5/2020,"From the Afghan Peace Deal, a Weak and Pliable Neighbor for Pakistan"
11,3/8/2020,A Secret Accord With the Taliban: When and How the U.S. Would Leave Afghanistan
12,3/9/2020,"Ghani Takes the Oath of Afghan President. His Rival Does, Too."
13,3/10/2020,Afghan President Orders Taliban Prisoner Release
14,3/22/2020,"As U.S. Troops Leave Afghanistan, Diplomats Are Left to Fill Uncertain Mission"
15,3/24/2020,"For Afghanistan Already on Brink, U.S. Aid Cut Is a Big Shove"
16,3/26/2020,Trump’s ‘Disaster Diplomacy’ Has So Far Had Few Results
17,4/7/2020,Afghan Prisoner Swap Hits Wall as Taliban Pull Out of Talks
18,4/17/2020,"To Save Afghan Peace Deal, U.S. May Scale Back C.I.A. Presence"
19,5/11/2020,This Afghan General Fought the Taliban for Years. Now He Has Joined Them.
20,5/16/2020,Afghan Power-Sharing Deal Would Promote General Accused of Rape
21,5/17/2020,Afghan Rivals Sign Power-Sharing Deal as Political Crisis Subsides
22,5/24/2020,Afghan Sides Agree to Rare Cease-Fire During Eid al-Fitr
23,5/26/2020,How the Taliban Outlasted a Superpower: Tenacity and Carnage
24,5/26/2020,Trump Wants Troops in Afghanistan Home by Election Day. The Pentagon Is Drawing Up Plans.
25,6/4/2020,A Prisoner Release Stuns 2 American War Widows
26,6/6/2020,Has ‘America First’ Become ‘Trump First’? Germans Wonder
27,6/13/2020,Trump Made Inaccurate Claims About the Military During His West Point Speech
28,6/14/2020,Robert Gates Calls to Replace Base Names From ‘Dark Side of Our History’
29,6/27/2020,Afghan Deaths Pile Up in Uncertainty Over U.S. Deal With Taliban
30,6/28/2020,Spies and Commandos Warned Months Ago of Russian Bounties on U.S. Troops
31,7/2/2020,Bounties Uproar Casts a Shadow Over a Rare Trump Foreign Policy Achievement
32,7/13/2020,"How Russia Built a Channel to the Taliban, Once an Enemy"
33,7/13/2020,"Taliban Stage a Major Attack, as Violence Intensifies in Northern Afghanistan"
34,7/17/2020,"$174 Million Afghan Drone Program Is Riddled With Problems, U.S. Report Says"
35,7/25/2020,Officials Push U.S.-China Relations Toward Point of No Return
36,7/27/2020,"Taliban Executes Female Prison Guard, and U.N. Raises Concern Over Afghan Violence"
37,7/28/2020,"Taliban Announce Brief Cease-Fire, as Afghan Peace Talks Look Imminent"
38,7/29/2020,"U.S. Will Cut 12,000 Forces in Germany"
39,7/30/2020,A Rarely Seen Weapon Destroys a Helicopter in Afghanistan
40,7/31/2020,"Trump Still Defers to Putin, Even as He Dismisses U.S. Intelligence and the Allies"
41,8/4/2020,"More U.S. Troops Will Leave Afghanistan Before the Election, Trump Says"
42,8/9/2020,"Afghanistan to Release Last Taliban Prisoners, Removing Final Hurdle to Talks"
43,8/23/2020,"With Delay in Afghan Peace Talks, a Creeping Sense of ‘Siege’ Around Kabul"
44,8/27/2020,G.O.P. Convention Skims Over Trump’s ‘Unfinished Business’ in Foreign Policy
45,8/30/2020,"Taliban Violated Afghan Deal With Shelling of American Bases, U.S. Officials Say"
46,9/2/2020,Trump Administration Will Redirect $62 Million Owed to the W.H.O.
47,9/3/2020,Afghan Peace Talks Set to Begin as Prisoner Swap Is Nearly Done
48,9/6/2020,"Fighting Patriarchy, and Fearing Worse From the Taliban"
49,9/9/2020,"U.S. to Reduce Troop Levels in Iraq to 3,000"
50,9/9/2020,"Afghan Vice President, Staunch Opponent of Taliban, Survives Blast"
51,9/10/2020,Afghan Peace Talks Begin This Week. Here’s What to Know.
52,9/12/2020,"Mandela, Gorbachev, Trump? A Disruptive President Plays Peacemaker"
53,9/12/2020,"Afghanistan Peace Talks Open in Qatar, Seeking End to Decades of War"
54,9/15/2020,"To Get to Afghan Talks, Lots of Last-Minute Deals — and Nose Swabs"
55,9/19/2020,U.S. Reimposes U.N. Sanctions on Iran Over Objections of World Powers
56,10/5/2020,"At Afghan Peace Talks, Hoping to End Their Fathers’ War"
57,10/8/2020,"U.S. Seeks to Draw Down Its Troops in Afghanistan to 2,500 by Early 2021"
58,10/11/2020,Trump’s Campaign Talk of Troop Withdrawals Doesn’t Match Military Reality
59,10/12/2020,Top General Declines to Endorse Trump’s Afghan Withdrawal Timeline
60,10/15/2020,Trump’s Tweets on Troop Withdrawals Unnerve Pentagon
61,10/16/2020,This Ex-Taliban Commander Is Now the Face of Afghan Security
62,10/18/2020,Refugees Who Assisted the U.S. Military Find the Door to America Slammed Shut
63,10/18/2020,"A Storied Female Warlord Surrenders, Taliban Say, Exposing Afghan Weakness"
64,10/23/2020,Libya Cease-Fire Raises Hopes for Full Peace Deal
65,11/7/2020,Biden Victory Brings Sighs of Relief Overseas
66,11/9/2020,The End of ‘America First’: How Biden Says He Will Re-engage With the World
67,11/12/2020,Trump Stacks the Pentagon and Intel Agencies With Loyalists. To What End?
68,11/12/2020,"U.S. Troops Are Still Leaving, but Afghans Hope Biden Will Help"
69,11/13/2020,Trump Pentagon Purge Could Accelerate His Goal to Pull Troops From Afghanistan
70,11/16/2020,"Trump Is Said to Be Preparing to Withdraw Troops From Afghanistan, Iraq and Somalia"
71,11/18/2020,Somalia Worries That a U.S. Withdrawal Will Be Disastrous
72,11/18/2020,"U.S. Troops Are Packing Up, Ready or Not"
73,11/21/2020,Trump Using Last Days to Lock In Policies and Make Biden’s Task More Difficult
74,11/21/2020,"As Pompeo Prepared to Meet Afghan Warring Parties, New Attack Struck Kabul"
75,11/27/2020,Pentagon Chief Visits Somalia Ahead of Expected Troop Cuts
76,11/29/2020,"Afghan Leader Digs In on Peace Talks Despite Progress, Officials Say"
77,12/1/2020,"The World in a Vise: Sounding the Alarm on China, Then Running for Shelter"
78,12/2/2020,Afghan and Taliban Negotiators Agree on Peace Talks’ Procedures
79,12/4/2020,Trump Orders All American Troops Out of Somalia
80,12/8/2020,"Biden Plans to Tap Lloyd Austin, Former Iraq Commander, as Defense Secretary"
81,12/9/2020,‘Is Austin on Your List?’: Biden’s Pentagon Pick Rose Despite Barriers to Diversity
82,12/10/2020,Pentagon Weighs Sharp Drawback in Support for C.I.A.
83,12/16/2020,‘Sticky Bombs’ Sow Terror and Chaos in a City on Edge
84,12/31/2020,A German Town Warily Considers a Future Without a Deep U.S. Presence
85,1/1/2021,What to Know About the Afghan Peace Talks
86,1/10/2021,Afghan Leaders Sideline Spokesmen in an Escalating Misinformation War
87,1/15/2021,She Killed an American in 2012. Why Was She Freed in the Taliban Deal?
88,1/18/2021,"Pompeo, Who Led Trump’s Mission at State Dept., Leaves With a Dubious Legacy"
89,1/29/2021,Violence May Delay U.S. Troop Withdrawal From Afghanistan
90,2/3/2021,"U.S. Should Slow Withdrawal From Afghanistan, Bipartisan Panel Urges"
91,2/4/2021,"Inside the Shadowy Militias Luring Unsuspecting Afghans to Fight, or Die"
92,2/15/2021,"The Taliban Close In on Afghan Cities, Pushing the Country to the Brink"
93,2/16/2021,"Stay or Go? Biden, Long a Critic of Afghan Deployments, Faces a Deadline"
94,2/17/2021,Promotions for Female Generals Were Delayed Over Fears of Trump’s Reaction
95,2/17/2021,A New Pregnancy and an Oprah Interview Refocus a Spotlight on Harry and Meghan
96,2/24/2021,A Top Democrat Warns Against a Hasty Withdrawal of U.S. Troops From Afghanistan
97,2/27/2021,‘I Wake Up and Scream’: Secret Taliban Prisons Terrorize Thousands
98,3/7/2021,U.S. Pushes U.N.-Led Peace Conference in Letter to Afghan Leader
99,3/14/2021,"U.S. Has 1,000 More Troops in Afghanistan Than It Disclosed"
100,3/17/2021,Biden Says Withdrawing U.S. Forces From Afghanistan by May Deadline Is ‘Tough’
101,3/18/2021,Liberals Grow Impatient With Biden’s Foreign Policy Decisions
102,3/18/2021,"At Least 9 Dead in Afghan Helicopter Crash, After Clashes With Local Militia"
103,3/21/2021,U.S. Defense Secretary Makes Secret Visit to Afghanistan
104,3/22/2021,Foes in Afghan War See a Common Threat of Islamic State’s Return
105,3/24/2021,Blinken’s Welcome by NATO Doesn’t Hide Differences on Key Issues
106,3/26/2021,Officials Try to Sway Biden Using Intelligence on Potential for Taliban Takeover of Afghanistan
107,4/4/2021,U.S. Looks to Build on Secret Portions of Taliban Deal to Reduce Violence
108,4/6/2021,"A K-Shaped Recovery, This Time on a Global Scale"
109,4/13/2021,Biden to Withdraw All Combat Troops From Afghanistan by Sept. 11
110,4/13/2021,"With Afghan Decision, Biden Seeks to Focus U.S. on New Challenges"
111,4/13/2021,"After Backing Military Force in Past, U.S.A.I.D. Nominee Focuses on Deploying Soft Power"
112,4/13/2021,Will Afghanistan Become a Terrorism Safe Haven Once Again?
113,4/14/2021,‘No Victory Dance’: Veterans of Afghan War Feel Torn Over Pullout
114,4/14/2021,Afghans Wonder ‘What About Us?’ as U.S. Troops Prepare to Withdraw
115,4/14/2021,NATO Confirms Its Troop Withdrawal From Afghanistan
116,4/15/2021,"Biden, Setting Afghanistan Withdrawal, Says ‘It Is Time to End the Forever War’"
117,4/15/2021,How the G.O.P. Lost Its Clear Voice on Foreign Policy
118,4/15/2021,How the U.S. Plans to Fight From Afar After Troops Exit Afghanistan
119,4/15/2021,Biden’s Afghan Pullout Is a Victory for Pakistan. But at What Cost?
120,4/16/2021,The Contradiction That Doomed America’s Mission in Afghanistan
121,4/17/2021,A War Is Ending. A Pennsylvania Town Exhales.
122,4/17/2021,"Debating Exit From Afghanistan, Biden Rejected Generals’ Views"
123,4/18/2021,"Afghan Women Fear the Worst, Whether War or Peace Lies Ahead"
124,4/20/2021,Bush Says G.O.P. Has Become ‘to Some Degree Nativist’
125,4/20/2021,General Warns of Challenges to Tracking Terrorist Threats in Afghanistan After U.S. Exits
126,4/21/2021,Biden Preparing to Declare That Atrocities Against Armenia Were Genocide
127,4/21/2021,"Pentagon Seeks Carrier Deployment as It Exits Afghanistan, in Sign It’s Readying for a Fight"
128,4/21/2021,"War, Peace and Taliban Spreadsheets"
129,4/22/2021,"The U.S. War in Afghanistan: How It Started, and How It Ended"
130,4/23/2021,Biden Officials Place Hope in Taliban’s Desire for Legitimacy and Money
131,4/25/2021,U.S. Military Begins Final Withdrawal From Afghanistan
132,4/29/2021,Central Asian Border Dispute Casts Shadow Over U.S. Afghan Departure
133,5/1/2021,Afghan Blast on Eve of U.S. Pullout Deadline Kills at Least 27
134,5/3/2021,Day 1 of the End of the U.S. War in Afghanistan
135,5/6/2021,Pentagon Struggles to Wean Afghan Military Off American Air Support
136,5/8/2021,"Bombing Outside Afghan School Kills at Least 90, With Girls as Targets"
137,5/9/2021,‘Why Do We Deserve to Die?’ Kabul’s Hazaras Bury Their Daughters.
138,5/10/2021,U.S. Defends Detention of Afghan at Guantánamo Despite Pullout
139,5/13/2021,A City Under Siege: What the War Looks Like on Afghanistan’s Front Line
140,5/17/2021,"In Taliban-Controlled Areas, Girls Are Fleeing for One Thing: an Education"
141,5/21/2021,"Once in Thrall of ‘the Generals,’ Congress Now Gives the Orders on Military Issues"
142,5/25/2021,Pentagon Accelerates Withdrawal From Afghanistan
143,5/27/2021,A Wave of Afghan Surrenders to the Taliban Picks Up Speed
144,5/28/2021,"At Naval Academy Graduation, Harris Focuses on Strengthening a ‘Fragile’ World"
145,5/31/2021,Britain Accelerates Relocation of Afghan Interpreters to U.K.
146,6/6/2021,C.I.A. Scrambles for New Approach in Afghanistan
147,6/6/2021,"Biden Is Embracing Europe, but Then What? NATO and the E.U. Have Concerns."
148,6/9/2021,U.S. Weighs Possibility of Airstrikes if Afghan Forces Face Crisis
149,6/9/2021,Attack in Afghanistan Kills 10 From Charity That Clears Land Mines
150,6/10/2021,"As U.S. Withdraws, Afghan Interpreters Fear Being Left Behind"
151,6/13/2021,"As Biden Meeting Nears, Erdogan Softens His Stance"
152,6/15/2021,Pentagon Weighs Proposal to Send Dozens of Troops Back to Somalia
153,6/17/2021,"As Wars Wind Down, Congress Revisits Presidential Powers"
154,6/17/2021,Elite Afghan Forces Suffer Horrific Casualties as Taliban Advance
155,6/18/2021,Lawmakers Rush to Help Afghans Seeking Visas for Helping the U.S.
156,6/19/2021,Departure of U.S. Contractors Poses Myriad Problems for Afghan Military
157,6/20/2021,Taliban Enter Key Cities in Afghanistan’s North After Swift Offensive
158,6/22/2021,"Attacked and Vulnerable, Some Afghans Are Forming Their Own Armies"
159,6/23/2021,Defense Secretary Backs Changes to Military Law on Sexual Assault
160,6/26/2021,Biden Says Afghans Must ‘Decide Their Future’ as U.S. Troops Withdraw
161,6/29/2021,"As the U.S. Pulls Out of Afghanistan, Kabul’s Airport Is a Final Stand"
162,6/29/2021,"Security in Afghanistan Is Decaying, U.S. General Says as Forces Leave"
163,7/2/2021,Biden Sends Dueling Messages on Afghanistan
164,7/2/2021,"As Afghan Forces Crumble, an Air of Unreality Grips the Capital"
165,7/2/2021,"U.S. Leaves Its Last Afghan Base, Effectively Ending Operations"
166,7/4/2021,Pentagon Seeks to Soften Blow of U.S. Withdrawal From Afghanistan
167,7/6/2021,Unlikely Coalition of Veterans Backs Biden on Ending Afghan War
168,7/6/2021,Taliban Try to Polish Their Image as They Push for Victory
169,7/7/2021,‘In the End We Felt Betrayed’: Vietnamese Veterans See Echoes in Afghanistan
170,7/7/2021,"Taliban Attack a Provincial Capital in Afghanistan’s North, Freeing Prisoners"
171,7/8/2021,"In Forceful Defense of Afghan Withdrawal, Biden Says U.S. Achieved Its Objectives"
172,7/9/2021,Taliban Enter Kandahar City and Seize Border Posts
173,7/10/2021,Biden Administration Shows Little Appetite for Haiti’s Troop Request
174,7/12/2021,A Mission to Get a Forgotten Military Perspective
175,7/12/2021,"It’s Situation Normal for U.S. Diplomats in Kabul, Despite Taliban Gains"
176,7/12/2021,Top U.S. General Steps Down in Afghanistan
177,7/14/2021,Evacuations for Afghans Who Helped U.S. Troops Will Begin This Month
178,7/15/2021,China Criticized the Afghan War. Now It Worries About the Withdrawal.
179,7/18/2021,‘They Just Left Us’: Greece Is Accused of Setting Migrants Adrift at Sea
180,7/19/2021,The Biden administration is sending Afghan visa applicants to an Army base in Virginia.
181,7/22/2021,‘I’ll Never Forget You’: Veterans Push to Get Afghan Partners in War to the U.S.
182,7/22/2021,Canadian Veterans Fill Void to Help Afghans Who Once Worked With Them
183,7/23/2021,U.S. Strikes Taliban Targets in a Show of Force in Afghanistan
184,7/24/2021,"U.S. to Announce Troop Drawdown From Iraq, but Little Is Expected to Change"
185,7/26/2021,Biden Takes Two Paths to Wind Down Iraq and Afghan Wars
186,7/28/2021,China Offers the Taliban a Warm Welcome While Urging Peace Talks
187,7/29/2021,"These Herders Lived in Peaceful Isolation. Now, War Has Found Them."
188,7/31/2021,"As Fears Grip Afghanistan, Hundreds of Thousands Flee"
189,8/3/2021,U.S. Airstrikes in Afghanistan Could Be a Sign of What Comes Next
190,8/3/2021,Biden Officials Open to Tightening Law Authorizing War on Terrorist Groups
191,8/4/2021,Debate Over Presidential War Powers Sets Up Test for a Divided G.O.P.
192,8/4/2021,Taliban Claim Responsibility for Major Attack in Afghan Capital
193,8/5/2021,"As Taliban Advance, Biden Officials Cling to Hope for Afghan Peace"
194,8/6/2021,Taliban Seize Afghan Provincial Capital Just Weeks Before Final U.S. Withdrawal
195,8/7/2021,Taliban Take Second Afghan City in Two Days
196,8/8/2021,"As Taliban Capture Cities, U.S. Says Afghan Forces Must Fend for Themselves"
197,8/8/2021,"As Afghan Cities Fall to Taliban, Brutal New Chapter Unfolds"
198,8/9/2021,"On Afghanistan’s Front Line, There Are No Good Choices"
199,8/10/2021,"As U.S. Leaves Afghanistan, History Suggests It May Struggle to Stay Out"
200,8/10/2021,"Taliban Overrun 3 More Provincial Capitals, Increasing Pressure on Kabul"
201,8/11/2021,Taliban Advances in Afghanistan Could Bring Political Peril for Biden
202,8/11/2021,Could the Taliban Take Over Afghanistan? Here’s What We Know.
203,8/13/2021,"Fearing Kabul’s Fall, U.S. Officials Implore Afghans to ‘Fight’"
204,8/13/2021,The Afghan Military Was Built Over 20 Years. How Did It Collapse So Quickly?
205,8/13/2021,Afghanistan’s Unraveling May Strike Another Blow to U.S. Credibility
206,8/14/2021,Tap Dancing With Trump: Lindsey Graham’s Quest for Relevance
207,8/14/2021,Taliban Sweep in Afghanistan Follows Years of U.S. Miscalculations
208,8/15/2021,"In Washington, Recriminations Over Afghanistan Emerge Quickly"
209,8/15/2021,Rushed Evacuation in Kabul Highlights Disconnect in Washington
210,8/15/2021,"For Biden, Images of Defeat He Wanted to Avoid"
211,8/16/2021,Thousands Who Helped the U.S. in Afghanistan Are Trapped. What Happens Next?
212,8/16/2021,"Biden stands behind Afghan withdrawal, despite ‘hard and messy’ final days."
213,8/16/2021,Read the Full Transcript of President Biden’s Remarks on Afghanistan
214,8/16/2021,Lawmakers Unite in Bipartisan Fury Over Afghanistan Withdrawal
215,8/16/2021,An Iconic Bridge Sees U.S. Allies Flee Afghanistan as the Soviets Did
216,8/16/2021,Chaos Ensues at Kabul Airport as Americans Abandon Afghanistan
217,8/17/2021,"‘We Haven’t Slept, We Haven’t Eaten’: U.S. Afghans Watch the Chaos With Horror"
218,8/17/2021,"Who Are the Taliban, and What Do They Want?"
219,8/17/2021,"For America, and Afghanistan, the Post-9/11 Era Ends Painfully"
220,8/17/2021,The Taliban Are Back. Now Will They Restrain or Support Al Qaeda?
221,8/18/2021,U.S. and I.M.F. Apply a Financial Squeeze on the Taliban
222,8/18/2021,"Intelligence Agencies Did Not Predict Imminence of Afghan Collapse, Officials Say"
223,8/18/2021,"Series of U.S. Actions Left Afghan Allies Frantic, Stranded and Eager to Get Out"
224,8/18/2021,Biden Says Troops May Stay in Kabul Longer to Assist Evacuations
225,8/18/2021,Biden Rattles U.K. With His Afghanistan Policy
226,8/18/2021,"To China, Afghan Fall Proves U.S. Hubris. It Also Brings New Dangers."
227,8/18/2021,First Resistance to Taliban Rule Tests Afghanistan’s Uncertain Future
228,8/19/2021,Trump’s Deal With the Taliban Draws Fire From His Former Allies
229,8/19/2021,Sluggish Visa Process Strands Thousands of Afghans Who Worked for U.S.
230,8/19/2021,"Seeking Global Recognition, Taliban Take a New Approach: Making Nice"
231,8/19/2021,"Taliban Quash Protests and Seize Enemies, Tightening Grip on Afghanistan"
232,8/19/2021,"With Afghan Collapse, Moscow Takes Charge in Central Asia"
233,8/20/2021,Biden’s Inaccurate Claims in Defending Afghanistan Withdrawal
234,8/20/2021,Biden Defends Afghanistan Evacuation as Thousands Besiege Kabul Airport
235,8/21/2021,Afghanistan Faces Economic Shock as Sanctions Replace Foreign Aid
236,8/21/2021,Biden Ran on Competence and Empathy. Afghanistan Is Testing That.
237,8/21/2021,"Miscue After Miscue, U.S. Exit Plan Unravels"
238,8/21/2021,Fears Rise About Safety of Afghan Airport as U.S. Warns Americans to Stay Away
239,8/21/2021,Vietnam War Victims Wanted Justice. They Were Given ‘30 Bags of Rice.’
240,8/22/2021,"As Biden Faces a Political Crisis, His Party Looks On in Alarm"
241,8/22/2021,"ISIS Poses ‘Acute’ Threat to U.S. Evacuation Efforts in Kabul, Sullivan Says"
242,8/22/2021,Chaos Persists at Kabul Airport as Taliban Discuss New Government
243,8/23/2021,Afghan Fiasco Raises Hard Questions for Europe
244,8/23/2021,Taliban Reject Extended Deadline as U.S. Races to Finish Evacuation
245,8/24/2021,How Many People in Afghanistan Need to be Rescued? The Number Remains Elusive.
246,8/24/2021,"Military Ramps Up Evacuations From Kabul, but Bottlenecks Persist"
247,8/24/2021,The C.I.A. director visited Kabul for secret talks with the Taliban.
248,8/24/2021,"In Southeast Asia, Kamala Harris’s Message: You Can Count on the U.S."
249,8/24/2021,New Israeli Leader Backs Hard Line on Iran but Softer Tone With U.S.
250,8/25/2021,"Biden, Needing a Win, Enters a Sprint for His Economic Agenda"
251,8/25/2021,How Mexico Helped The Times Get Its Journalists Out of Afghanistan
252,8/25/2021,ISIS Branch Poses Biggest Immediate Terrorist Threat to Evacuation in Kabul
253,8/25/2021,2 U.S. Representatives Try to Explain Unauthorized Visit to Kabul
254,8/25/2021,The Latest G.O.P. Schism: How to Handle Afghan Evacuees
255,8/25/2021,"Biden Sticks to Afghan Deadline, Resisting Pleas to Extend Evacuation"
256,8/26/2021,Biden’s Meeting With Israeli Leader Delayed After Kabul Attack
257,8/26/2021,"Relief, and Worry, for Arrivals From Afghanistan"
258,8/26/2021,"U.S. Says 1,500 Americans Remain in Afghanistan as Evacuation Enters Final Days"
259,8/26/2021,"After Decades of War, ISIS and Al Qaeda Can Still Wreak Havoc"
260,8/26/2021,Kamala Harris Pledges U.S. Help for Afghan Women and Children
261,8/26/2021,"At Least 250,000 Afghans Who Worked With U.S. Haven’t Been Evacuated, Estimates Say"
262,8/26/2021,"Suicide Bombers in Kabul Kill Dozens, Including 13 U.S. Troops"
263,8/27/2021,"Amid Afghan Chaos, a C.I.A. Mission That Will Persist for Years"
264,8/27/2021,Biden Vows ‘Unshakable Partnership’ With Israel in Meeting With Bennett
265,8/27/2021,"After Two Decades of Fighting Taliban, U.S. Is Uneasy Partners With Them"
266,8/27/2021,Biden Faces a Tragedy He Pledged to Avoid
267,8/27/2021,U.S. Launches Strike on ISIS-K as Bombing’s Death Toll Soars
268,8/28/2021,A Digital Dunkirk: Veterans Online Scramble to Get People Out of Afghanistan
269,8/28/2021,From Kabul Airport to a Houston Walmart: ‘Desperate to Get to America’
270,8/28/2021,All in or All Out? Biden Saw No Middle Ground in Afghanistan.
271,8/28/2021,"Britons, Unfazed by High Covid Rates, Weigh Their ‘Price of Freedom’"
272,8/28/2021,A Journey Through Kabul on the Day of the Fall
273,8/29/2021,U.S. Conducts Drone Strike in Kabul and Winds Down Airlift as Deadline Nears
274,8/29/2021,American University of Afghanistan students and relatives trying to flee were sent home.
275,8/29/2021,"As the Taliban Tighten Their Grip, Fears of Retribution Grow"
276,8/30/2021,‘We Have to Try’: Lawmakers Rush to Assist in Afghanistan Evacuations.
277,8/30/2021,"In a final blow of the 20-year war, U.S. envoys close their embassy and exit Kabul."
278,8/30/2021,"In Afghanistan, an Unceremonious End, and a Shrouded Beginning"
279,8/30/2021,"Afghan Family Says Errant U.S. Missile Killed 10, Including 7 Children"
280,8/30/2021,"North Korea Restarted Plutonium-Producing Reactor, U.N. Agency Warns"
281,8/30/2021,U.S. War in Afghanistan Ends as Final Evacuation Flights Depart
282,8/31/2021,Transcript of Biden’s Speech on the U.S. Withdrawal From Afghanistan
283,8/31/2021,The New U.S. Challenge in Afghanistan: Coping With Taliban Rule
284,8/31/2021,"Ukraine’s Leader, Meeting Biden, Seeks Security Assurances After Afghan Pullout"
285,9/1/2021,Biden Plays the Long Game as He Justifies the End of the ‘Forever War’
286,9/1/2021,"On Afghanistan, G.O.P. Assails the Pullout It Had Supported Under Trump"
287,9/1/2021,Biden Defends Afghan Pullout and Declares an End to Nation-Building
288,9/1/2021,"Shifting to Governing, Taliban Will Name Supreme Afghan Leader"
289,9/1/2021,"With Afghan Retreat, Biden Bucks Foreign Policy Elite"
290,9/1/2021,"It’s Election Season in Germany. No Charisma, Please!"
291,9/1/2021,Pope Criticizes Western Intervention in Afghanistan
292,9/2/2021,Afghans Who Worked for The Times Arrive in the U.S.
293,9/2/2021,"Congress Moves to Increase Pentagon Budget, Defying Biden and Liberals"
294,9/3/2021,Biden Tours Hurricane Ida Damage in New Orleans
295,9/4/2021,"In Afghan Withdrawal, a Biden Doctrine Surfaces"
296,9/5/2021,U.S. Citizens and Afghans Wait for Evacuation Flights From Country’s North
297,9/6/2021,Clarissa Ward of CNN Looks Back on the Afghanistan War
298,9/6/2021,"As Afghan Refugee Crisis Unfolds, Survivors Recall ‘Miracle’ Evacuation"
299,9/6/2021,"Taliban Claim Control Over Panjshir Valley, but Resistance Vows to Fight On"
300,9/7/2021,Veterans Struggle With Issues That Are Often Invisible to Others
301,9/7/2021,"From Afghanistan to the World Cup, Tiny, Wealthy Qatar Steps Up"
302,9/7/2021,Who Are the Taliban’s New Government Leaders? Here’s What We Know
303,9/8/2021,Serving in a Twenty-Year War
304,9/10/2021,‘We Truly Have Lost Everything’: A Journey Out of Kabul the Day It Fell
305,9/10/2021,"Biden’s Vaccine Push Aligns Him With a Fed-Up, Vaccinated Majority"
306,9/10/2021,"NATO Chief Backs Biden, Saying Europe Was Consulted on Afghanistan"
307,9/11/2021,"At 9/11 Ceremonies, Moments of Silence, Tributes and Tears"
308,9/11/2021,Biden and Bush Urge Unity as Nation Remembers Sept. 11
309,9/11/2021,"In Shanksville, Preserving the Memory of 9/11 and the Wars That Followed"
310,9/11/2021,Measles Cases Bring Temporary Halt to Afghans’ Arrival in U.S.
311,9/11/2021,"20 Years On, the War on Terror Grinds Along, With No End in Sight"
312,9/13/2021,‘We Did Not Inherit a Plan’: Blinken Is Grilled in Congress Over Afghanistan Exit
313,9/13/2021,From Taliban Terror to Beach Resort: A Strange Journey for Some Refugees
314,9/13/2021,"A Million Afghan Children Could Die in ‘Most Perilous Hour,’ U.N. Warns"
315,9/14/2021,"Grilled by G.O.P. senators, Blinken defends Biden administration’s Afghanistan exit."
316,9/14/2021,"Fears That Trump Might Launch a Strike Prompted General to Reassure China, Book Says"
317,9/14/2021,Barbara Lee’s Long Quest to Curb Presidential War Powers Faces a New Test
318,9/15/2021,U.K. Cabinet Reshuffle a Blow to Boris Johnson’s Global Ambitions
319,9/16/2021,"For Some, Afghanistan Outcome Affirms a Warning: Beware the Blob"
320,9/16/2021,Struggle for Control of Afghanistan Comes to K Street
321,9/16/2021,Thousands of Afghans on American military bases await resettlement.
322,9/16/2021,"In Submarine Deal With Australia, U.S. Counters China but Enrages France"
323,9/17/2021,Taliban Seize Women’s Ministry Building for Use by Religious Police
324,9/18/2021,Submarine Deal Gives Post-Brexit Britain Its Moment on the Global Stage
325,9/19/2021,Jill Biden Is Chasing the President’s Most Elusive Campaign Promise: Unity
326,9/19/2021,"Merkel’s Children: Living Legacies Called Angela, Angie and Sometimes Merkel"
327,9/20/2021,"How the U.S. Helped, and Hampered, the Escape of Afghan Journalists"
328,9/20/2021,Biden to Push Global Plan to Battle Covid as National Gaps Widen
329,9/20/2021,Appeals Panel Overturns Army Judge’s Ruling on Torture
330,9/20/2021,"U.S. to Lift Pandemic Travel Restrictions, Easing Tension With Europe"
331,9/20/2021,"Climate, Covid and Biden’s Challenged Credibility Underline U.N.’s Big Week"
332,9/21/2021,"At U.N., Biden Calls for Diplomacy, Not Conflict, but Some Are Skeptical"
333,9/21/2021,"Taliban Complete Interim Government, Still Without Women"
334,9/21/2021,"Pakistan Laments Cricket Matches Unplayed, and Blames Politics"
335,9/22/2021,Biden Declared the War Over. But Wars Go On.
336,9/22/2021,House Passes Spending Bill and Debt Limit Increase Over G.O.P. Opposition
337,9/23/2021,"In Biden’s Foreign Policy, Friends and Foes Claim Echoes of Trump"
338,9/23/2021,"Boris Johnson Cuts a Colorful Swath in U.S., but to What End?"
339,9/24/2021,A Dangerous Scramble to Evacuate Afghan Nonprofit Workers
340,9/24/2021,Pakistan Says U.N. Envoy of Old Afghan Government Should Vacate Seat
341,9/27/2021,Republicans Are Mad at General Milley. Now It’s Their Turn to Grill Him.
342,9/29/2021,Military Officials Say They Urged Biden Against Afghanistan Withdrawal
343,9/29/2021,Defense Chief Says He Advised Against Staying in Afghanistan ‘Forever’
344,9/29/2021,"Amid Tensions With U.S., Erdogan Praises Ties With Russia"
345,9/29/2021,"In Week of Words, It Often Seemed Like the Divided Nations"
346,9/30/2021,Biden Campaigned as the Anti-Trump. But a Clean Break Is Never Easy.
