,word
2189,abandon
873,abduction
3772,abetting
1267,abroad
1280,abroad
1968,abroad
4386,abroad
3276,abrupt
742,abuse
1428,academy
5405,accelerate
778,accelerates
2069,accelerates
4085,accelerates
276,accept
473,accord
5351,account
5267,accounts
3239,accusations
5915,accusations
172,accused
693,accused
1014,accused
3537,accused
3334,achieved
2059,achievement
4089,acknowledges
300,act
1864,act
2798,act
4512,actions
3389,active
6160,activist
564,activists
3565,acute
339,ad
571,adam
4065,address
1237,addresses
2166,adds
1540,administration
1547,administration
1553,administration
1559,administration
3900,administration
4932,administration
5310,administration
5318,administration
5643,administration
2992,administration
5337,admiral
175,adrift
1285,advance
1306,advance
2556,advance
4682,advances
2385,advised
2853,afar
3200,afar
1565,affirms
2808,affirms
3,afghan
34,afghan
47,afghan
53,afghan
78,afghan
100,afghan
130,afghan
140,afghan
247,afghan
282,afghan
363,afghan
401,afghan
412,afghan
490,afghan
550,afghan
575,afghan
582,afghan
590,afghan
597,afghan
604,afghan
612,afghan
619,afghan
629,afghan
635,afghan
640,afghan
646,afghan
653,afghan
660,afghan
667,afghan
673,afghan
680,afghan
688,afghan
695,afghan
701,afghan
706,afghan
714,afghan
720,afghan
729,afghan
737,afghan
745,afghan
752,afghan
760,afghan
766,afghan
886,afghan
896,afghan
902,afghan
1025,afghan
1062,afghan
1072,afghan
1089,afghan
1170,afghan
1177,afghan
1184,afghan
1271,afghan
1290,afghan
1296,afghan
1355,afghan
1382,afghan
1388,afghan
1421,afghan
1488,afghan
1639,afghan
1786,afghan
1794,afghan
1809,afghan
1895,afghan
2015,afghan
2026,afghan
2032,afghan
2047,afghan
2071,afghan
2182,afghan
2219,afghan
2255,afghan
2277,afghan
2446,afghan
2449,afghan
2500,afghan
2550,afghan
2598,afghan
2672,afghan
2738,afghan
2745,afghan
2820,afghan
2886,afghan
2946,afghan
3014,afghan
3139,afghan
3152,afghan
3159,afghan
3226,afghan
3284,afghan
3290,afghan
3330,afghan
3380,afghan
3459,afghan
3479,afghan
3519,afghan
3524,afghan
3674,afghan
3678,afghan
3731,afghan
3807,afghan
3989,afghan
4033,afghan
4160,afghan
4197,afghan
4297,afghan
4309,afghan
4371,afghan
4420,afghan
4514,afghan
4542,afghan
4592,afghan
4606,afghan
4700,afghan
4747,afghan
4777,afghan
4790,afghan
4837,afghan
4865,afghan
4881,afghan
4915,afghan
4934,afghan
4964,afghan
5000,afghan
5044,afghan
5077,afghan
5150,afghan
5156,afghan
5192,afghan
5236,afghan
5253,afghan
5270,afghan
5281,afghan
5628,afghan
5689,afghan
5696,afghan
5736,afghan
5837,afghan
5863,afghan
5879,afghan
5891,afghan
5925,afghan
5935,afghan
6060,afghan
6147,afghan
6176,afghan
6183,afghan
6190,afghan
6198,afghan
88,afghanistan
112,afghanistan
182,afghanistan
187,afghanistan
372,afghanistan
460,afghanistan
465,afghanistan
477,afghanistan
504,afghanistan
525,afghanistan
774,afghanistan
776,afghanistan
784,afghanistan
793,afghanistan
800,afghanistan
807,afghanistan
814,afghanistan
822,afghanistan
891,afghanistan
999,afghanistan
1008,afghanistan
1023,afghanistan
1040,afghanistan
1114,afghanistan
1192,afghanistan
1225,afghanistan
1243,afghanistan
1307,afghanistan
1319,afghanistan
1332,afghanistan
1340,afghanistan
1418,afghanistan
1459,afghanistan
1485,afghanistan
1646,afghanistan
1725,afghanistan
1730,afghanistan
1762,afghanistan
1783,afghanistan
1832,afghanistan
1880,afghanistan
1904,afghanistan
1930,afghanistan
2103,afghanistan
2190,afghanistan
2266,afghanistan
2319,afghanistan
2343,afghanistan
2348,afghanistan
2371,afghanistan
2387,afghanistan
2407,afghanistan
2463,afghanistan
2482,afghanistan
2488,afghanistan
2753,afghanistan
2760,afghanistan
2806,afghanistan
2852,afghanistan
2860,afghanistan
2878,afghanistan
2898,afghanistan
2912,afghanistan
2993,afghanistan
3163,afghanistan
3203,afghanistan
3230,afghanistan
3295,afghanistan
3301,afghanistan
3305,afghanistan
3394,afghanistan
3440,afghanistan
3533,afghanistan
3669,afghanistan
3708,afghanistan
3824,afghanistan
3847,afghanistan
3878,afghanistan
3883,afghanistan
3899,afghanistan
3975,afghanistan
3976,afghanistan
4087,afghanistan
4094,afghanistan
4145,afghanistan
4156,afghanistan
4225,afghanistan
4238,afghanistan
4267,afghanistan
4272,afghanistan
4290,afghanistan
4330,afghanistan
4460,afghanistan
4636,afghanistan
4683,afghanistan
4695,afghanistan
4720,afghanistan
4733,afghanistan
4814,afghanistan
4820,afghanistan
4858,afghanistan
4861,afghanistan
4951,afghanistan
5010,afghanistan
5038,afghanistan
5050,afghanistan
5084,afghanistan
5101,afghanistan
5144,afghanistan
5160,afghanistan
5188,afghanistan
5215,afghanistan
5221,afghanistan
5268,afghanistan
5294,afghanistan
5300,afghanistan
5382,afghanistan
5409,afghanistan
5486,afghanistan
5578,afghanistan
5584,afghanistan
5637,afghanistan
5661,afghanistan
5676,afghanistan
5713,afghanistan
5750,afghanistan
5766,afghanistan
5778,afghanistan
5787,afghanistan
5847,afghanistan
5870,afghanistan
5976,afghanistan
6067,afghanistan
6129,afghanistan
6155,afghanistan
343,afghanistan
830,afghanistan
1106,afghanistan
2120,afghanistan
2719,afghanistan
3072,afghanistan
3982,afghanistan
4648,afghanistan
4714,afghanistan
4765,afghanistan
45,afghan
194,afghan
207,afghan
277,afghan
381,afghan
433,afghan
836,afghan
842,afghan
849,afghan
854,afghan
1138,afghan
1349,afghan
1401,afghan
1468,afghan
1740,afghan
1983,afghan
2136,afghan
2456,afghan
2601,afghan
2667,afghan
3093,afghan
3498,afghan
3699,afghan
3779,afghan
4573,afghan
4601,afghan
4824,afghan
4904,afghan
5172,afghan
5596,afghan
5812,afghan
5842,afghan
6000,afghan
859,africa
2846,africa
3889,africa
5721,africa
3318,africa
864,africa
31,afterthought
3516,agency
4590,agency
5442,agency
3955,agency
2431,agenda
2108,agent
2626,agent
1568,aggression
986,aggressive
4137,aggressive
4584,ago
578,agree
730,agree
1582,agree
773,ahead
2969,ahead
4112,ahead
250,aid
994,aid
1246,aid
2276,aid
2487,aid
2494,aid
2756,aid
4198,aid
4372,aid
6154,aid
4055,aid
5813,aid
3095,aid
3771,aid
1890,aim
5460,aim
3890,aim
41,air
1180,air
2089,air
4163,air
5899,air
5907,air
3281,aircraft
3400,aircraft
296,aircraft
2546,airlift
5616,airlift
900,airport
1321,airport
1651,airport
2187,airport
2194,airport
2673,airport
2868,airport
4369,airport
5577,airstrikes
5656,airstrikes
5878,airstrikes
735,al
930,al
1003,al
1011,al
2643,al
4215,al
5068,al
1210,alarm
5120,alarm
5538,alienating
5946,aligned
1938,aligns
4022,alike
1097,alliance
3225,allied
1112,allies
1958,allies
1967,allies
4515,allies
4593,allies
5450,allies
5511,allies
5539,allies
1393,allowed
2582,ally
2931,ally
2163,ambassador
5566,ambitions
5970,ambitions
230,ambush
1169,ambush
3696,ambush
538,america
2759,america
2872,america
3028,america
4324,america
4952,america
1024,america
1029,america
1447,america
3066,america
3833,america
4949,america
5003,america
5048,america
5329,america
271,america
452,america
1038,america
1202,america
1366,america
4162,america
4528,america
4693,america
4884,america
5173,america
5399,america
5821,america
64,america
610,america
865,america
1045,america
1051,america
1058,america
1265,america
2188,america
2676,america
3864,america
4083,america
5748,america
6105,america
1064,amid
1071,amid
1077,amid
2130,amid
2712,amid
4721,amid
4784,amid
5914,amid
3813,analysis
2635,analyst
1102,ancient
6046,ancient
2649,anew
3247,angel
3795,angela
979,anger
5519,anger
3235,angering
3796,angie
1154,angry
5865,anguish
4697,announce
5796,announce
3399,announce
5581,announce
74,anonymous
136,answers
1611,anti
3934,antoshkin
1139,appeals
883,appears
990,appease
1548,appetite
762,applicants
4936,applicants
4705,appoint
5332,appointee
2102,approach
4474,approach
2268,approves
3080,approves
2480,architect
1146,arizona
1155,armed
4282,armed
6079,armed
1719,armenia
2066,armenia
1470,army
4921,arms
5590,arms
1142,army
1162,army
3465,army
4937,army
744,arrest
872,arrest
5147,arrested
1096,arrests
3780,arrival
4329,arrivals
763,arrive
4318,arson
5234,art
4928,ascension
3413,asia
5061,asia
6182,asia
2176,asian
1595,assails
3978,assails
3658,assange
4988,assange
6214,assange
5570,assange
1519,assassination
4926,assassination
5149,assassination
2357,assault
2394,assault
2835,assemble
2397,assess
1694,assessment
186,assist
1750,assist
4320,assist
306,assuage
3528,assurances
5924,assurances
1374,asylum
3574,athens
1718,atrocities
218,attack
246,attack
643,attack
1035,attack
1274,attack
1458,attack
1912,attack
1954,attack
2259,attack
2415,attack
3806,attack
4711,attack
4719,attack
4746,attack
4854,attack
6073,attack
1466,attack
4191,attack
1156,attack
498,attack
975,attack
1017,attack
3285,attack
3463,attack
4622,attack
4817,attack
4823,attack
5245,attack
5645,attack
3013,attended
4090,aug
113,austin
1704,austin
3853,austin
4486,austin
1471,australia
3421,australia
1479,australia
1979,australia
1776,authorizes
1682,authorizing
1098,autocracies
3396,autonomy
2426,avert
1655,avoid
2775,avoid
5176,await
206,await
536,await
841,await
2048,baby
290,baby
3061,baby
4444,bader
1985,bags
5958,bags
3660,bail
5064,balance
299,balancing
2199,bali
5201,bali
4960,balks
2420,ban
1147,banned
2143,banned
2150,banned
2323,ban
1490,barbara
119,barriers
42,base
687,base
4214,base
4333,base
4401,base
4938,base
4996,base
5697,base
4384,base
4885,base
5175,base
5414,base
5690,base
1498,basking
2659,bastions
395,battle
483,battle
1821,battle
2380,battle
2815,battle
2824,battle
3644,battle
3837,battle
5641,battle
1563,bay
2881,beach
3347,beau
670,begin
677,begin
1199,begin
2605,begin
5677,begin
3304,begin
6077,begin
2216,begin
4101,begin
4370,begin
5710,begin
443,beijing
2226,beijing
4912,beijing’s
5623,beirut
1524,belarus
149,belarus
1860,bennett
2973,beret
2732,berets
1649,besiege
108,betrayed
1530,betraying
2810,beware
3314,bid
1020,biden
1197,biden
1206,biden
1211,biden
1286,biden
1453,biden
1539,biden
1546,biden
1552,biden
1558,biden
1564,biden
1572,biden
1580,biden
1586,biden
1594,biden
1602,biden
1609,biden
1616,biden
1625,biden
1633,biden
1637,biden
1644,biden
1652,biden
1656,biden
1662,biden
1671,biden
1678,biden
1685,biden
1692,biden
1700,biden
1709,biden
1715,biden
1721,biden
1727,biden
1732,biden
1739,biden
1746,biden
1752,biden
1758,biden
1765,biden
1771,biden
1779,biden
1784,biden
1792,biden
1800,biden
1804,biden
1811,biden
1817,biden
1826,biden
1828,biden
1835,biden
1841,biden
1847,biden
1854,biden
1861,biden
1868,biden
1878,biden
1885,biden
2062,biden
2116,biden
2285,biden
2372,biden
2544,biden
2590,biden
2691,biden
2766,biden
2772,biden
2991,biden
3292,biden
3332,biden
3348,biden
3601,biden
3618,biden
3823,biden
3859,biden
3875,biden
3970,biden
4064,biden
4300,biden
4376,biden
4604,biden
4687,biden
4729,biden
4931,biden
4953,biden
5232,biden
5290,biden
5844,biden
5921,biden
5934,biden
6015,biden
6159,biden
6169,biden
6185,biden
6192,biden
6206,biden
115,biden
161,biden
1126,biden
1894,biden
1900,biden
1906,biden
1913,biden
1920,biden
1928,biden
1935,biden
2247,biden
2430,biden
3320,biden
3527,biden
3624,biden
3628,biden
3718,biden
4288,biden
5296,biden
5476,biden
5989,biden
6127,biden
6139,biden
2236,biggest
3558,biggest
2273,bill
2435,bill
3090,bill
3100,bill
3109,bill
3118,bill
3137,bill
4504,bill
2270,billion
3082,billion
4196,billion
6152,billion
2413,bills
3706,bipartisan
5779,bipartisan
308,black
4072,black
4488,black
5021,black
5855,blades
5456,blame
4028,blames
583,blast
759,blast
1942,blast
1948,blast
179,blinken
1956,blinken
1962,blinken
2989,blinken
1969,blinken
1756,blistering
2811,blob
4128,block
4343,block
5569,blocks
1976,blood
3868,bloodshed
5115,bloody
833,blow
3261,blow
4153,blow
5562,blow
1410,boat
1734,bodies
1984,body
1993,body
2000,body
3751,bold
4432,bolstered
4670,bolstered
2007,bolton
5322,bolton
5230,bombs
5988,bombast
2254,bombed
3070,bombed
1350,bomber
4652,bombers
901,bombing
1738,bombing
2014,bombing
2200,bombing
2962,bombing
5202,bombing
5683,bombing
2615,bombing
5136,bombing
153,bombs
2145,bombs
2152,bombs
6208,bond
2813,bonds
2685,book
5323,book
3296,booming
3315,boost
316,border
718,border
1601,border
1618,border
2021,border
2030,border
2177,border
4014,border
4017,border
4759,border
129,border
5987,boring
2038,boris
5563,boris
291,born
2044,born
3221,bosnia
976,boston
320,botched
3830,bottlenecks
1630,bounties
2051,bounties
2293,bounties
3907,bounties
4208,bounties
4222,bounties
4414,bounties
4422,bounties
4586,bounties
4669,bounties
5206,bounties
5376,bounties
5421,bounties
6098,bounties
6112,bounties
2651,bounties
4434,bounties
1090,boys
17,boys
4190,boys
3556,branch
1614,break
3646,break
2060,breaking
6031,breathes
4641,brexit
1110,bridge
5184,bridge
4562,briefer
5373,briefing
315,brigade
3776,bring
4684,bring
1843,brings
5241,brings
2754,brink
5081,brink
2068,britain
4642,britain
2074,britons
3349,broaches
4493,broad
2122,broadcaster
2515,broken
3597,brokered
2506,brought
6092,brought
85,bruise
1174,brutal
6193,bucks
2081,budding
2283,budget
5701,build
1643,building
4848,building
3688,buildings
4016,builds
447,buildup
3031,built
3035,built
3168,built
4917,built
5130,built
4441,bulgarian
2936,burden
2165,bureau
904,buries
228,burkina
213,bury
1573,bush
2085,bush
2904,business
1814,buttigieg
1074,c.i.a
2096,c.i.a
2100,c.i.a
2104,c.i.a
2628,c.i.a
4177,c.i.a
4332,c.i.a
4433,c.i.a
4940,c.i.a
5275,c.i.a
1603,cabinet
2918,cabinet
5387,cabinet
5560,cabinet
6128,cabinet
2966,cadets
1328,calamity
4051,calamity
6064,california
297,call
327,call
3466,called
3794,called
2112,calling
4355,calling
1454,calls
1514,calls
3395,calls
4399,calls
4970,calls
5388,calls
5588,calls
936,camp
943,camp
2703,camp
4006,camp
4182,camp
333,campaign
2526,campaign
3605,campaign
5498,campaign
6016,campaign
6084,campaign
1610,campaign
506,camps
26,can’t
2616,can’t
262,canada
528,canada
2125,canada
2132,canada
4978,canceled
338,candidate’s
1183,capital
4284,capital
4713,capital
4748,capital
4839,capital
4797,capital
916,capitol
1034,capitol
1512,capitol
2137,capitol
2274,capitol
2791,capitol
3488,capitol
4192,capitol
4558,capitol
5026,capitol
6219,capitol
924,capitols
780,capture
1293,capture
4726,capture
326,car
3358,card
2622,cards
2508,care
6167,career
1200,careful
2045,carnage
3196,carnage
3282,carrier
3401,carrier
4142,carrier
1303,cascading
608,cash
1515,cash
2530,cash
2053,casts
2179,casts
592,casualties
599,casualties
2142,casualties
2149,casualties
2554,casualties
3065,casualties
2358,catapults
2768,caution
2156,caving
732,cease
3723,cease
3809,cease
4011,cease
4698,cease
380,cease
1232,ceiling
2438,ceiling
5071,celebrate
860,celebrate
1326,celebration
5940,cellphone
2875,cemetery
2164,census
1394,center
2354,center
3069,center
3635,center
5979,center
2175,central
6181,central
1605,centrist
3572,century
4246,ceremony
5009,challenge
2248,challenge
1304,challenge
2908,challenge
6189,challenge
6008,champion
959,chance
969,chance
2983,change
3866,change
4536,change
5801,change
32,change
3856,change
3871,change
3169,channel
156,chaos
196,chaos
1073,chaos
2184,chaos
2191,chaos
3486,chaos
3684,chaos
1487,chaos
1175,chapter
2490,chapter
6180,charge
740,charged
1380,charged
2974,charged
4317,charged
5199,charged
2198,charges
2784,charges
3580,charisma
1462,charity
2203,charter
3602,chasing
63,checks
3765,cheney
4354,cheney
3937,chernobyl
5169,chicago’s
2209,chief
2384,chief
3060,chief
3469,chief
3596,chief
3874,chief
4109,chief
4302,chief
413,children
628,children
1222,children
3676,children
3791,children
5218,children
751,china
1099,china
1532,china
2217,china
2223,china
2227,china
2234,china
2684,china
3176,china
3424,china
3625,china
3965,china
4908,china
5121,china
5235,china
5350,china
5759,china
445,china
2241,china
2308,china
3000,china
5756,china
1475,china
1950,china
3947,choices
3985,choices
5986,chose
3929,christchurch
783,cities
1171,cities
1294,cities
4728,cities
4764,cities
5078,cities
5573,citing
5595,citizens
157,city
340,city
3679,city
3898,city
4757,city
4866,city
558,city
591,civilian
598,civilian
1925,civilian
2027,civilian
2599,civilian
4099,civilian
5726,civilian
3325,claim
4735,claim
4743,claim
4905,claim
795,claim
1902,claim
2513,claim
3854,claim
5394,claim
5757,claim
1424,clashes
2022,clashes
3190,class
1613,clean
5556,cleared
4911,cleareyed
1463,clears
1541,clears
456,cleric
2115,climate
2245,climate
467,climber
1288,cling
2253,clinic
1801,close
3266,close
3619,close
5076,close
5429,close
4368,closed
1219,closes
3215,clues
2144,cluster
2151,cluster
5932,coalition
2113,code
777,collapse
785,collapse
2261,collapse
3520,collapse
3526,collapse
4919,collapse
5864,collapse
6177,collapse
3039,collapse
1193,collapse
346,college
3191,college
4046,collides
1520,colombia’s
309,colonel
4074,colonel
4963,color
2041,colorful
1830,combat
2242,combative
2805,coming
4416,coming
311,command
1706,command
5155,command
2825,command
3990,command
4581,command
5603,command
4546,comments
5655,commit
2740,common
2312,communist
27,compete
1723,competence
442,competition
4750,complete
4776,concern
1661,concerns
2633,concludes
1256,condemn
1472,condemn
1617,condemn
5182,conditions
5611,conducts
5416,confederate
5734,conference
3880,confirms
4485,confirms
1329,conflict
1456,conflict
1254,confronts
5340,confronts
3513,confusion
181,congress
1370,congress
2267,congress
2279,congress
2287,congress
2854,congress
3998,congress
4068,congress
5526,congress
2294,congress
2302,conjuring
3736,connected
2262,conquest
2139,consequences
388,considers
356,conspiracy
2469,constitution
3877,consulted
3174,contest
5483,contest
2548,context
1624,continue
605,contractor
5620,contractor
501,contractor
2443,contractor
4947,contradiction
1926,control
4635,control
4736,control
3428,control
2900,convention
4040,conviction
5011,coping
3492,corner
3393,corners
59,coronavirus
1755,coronavirus
2300,coronavirus
2306,coronavirus
2314,coronavirus
2499,coronavirus
2849,coronavirus
2858,coronavirus
3206,coronavirus
4614,coronavirus
4723,coronavirus
4818,coronavirus
5352,coronavirus
6002,coronavirus
314,corps
4959,corps
813,corpses
4394,correspondent
5168,corruption
6087,corruption
1899,cost
5208,cost
2174,count
3417,count
5773,counter
3423,counter
274,country
3179,country
4466,country
67,country
2459,country
5080,country
5815,country
5600,country
5652,coup
884,court
2321,court
2594,court
4038,court
4661,court
5537,court
5170,court
25,covid
353,covid
1217,covid
1504,covid
1822,covid
2076,covid
2246,covid
5016,covid
750,cozy
1423,crash
835,credibility
2249,credibility
6201,creeping
4025,cricket
1893,crime
6019,crime
3232,crimes
3241,crimes
4107,crimes
5819,crimes
1131,criminals
727,crisis
1186,crisis
1208,crisis
2328,crisis
2333,crisis
3154,crisis
4049,crisis
5073,crisis
5881,crisis
5892,crisis
4605,critic
1258,critic
1892,criticism
4352,criticism
2218,criticized
1626,criticizes
4235,criticizes
3789,critics
2310,cross
1351,crowd
3483,crowded
5105,crowded
1179,crumble
1300,crush
4781,crush
1528,crushing
3592,cuéllar
533,culture
1240,culture
2862,cup
1493,curb
4494,curbs
5015,currency
1998,custody
2757,cut
5883,cut
2040,cut
4115,cut
4194,cut
5716,cut
3450,d.c
4139,d.c
2823,daily
6036,daily
1839,damage
138,dance
1201,dance
5020,danced
4895,dancing
3680,danger
360,dangerous
5242,dangers
4043,daniel
4455,daniel
2338,danish
4403,dark
4671,data
214,daughters
876,david
201,day
409,day
1057,day
1992,day
2344,day
5489,day
1791,day
4867,day
5473,day
5754,day
3591,day
244,dead
253,dead
957,dead
967,dead
1105,dead
1420,dead
2028,dead
2476,dead
2631,dead
2780,dead
4650,dead
5220,dead
587,deadline
1763,deadline
1795,deadline
4608,deadline
4830,deadline
5617,deadline
1167,deadly
2349,deadly
2355,deadly
2405,deadly
3274,deadly
3694,deadly
3816,deadly
4118,deadly
258,deal
617,deal
691,deal
725,deal
1396,deal
2888,deal
3420,deal
3728,deal
4532,deal
4639,deal
4691,deal
4882,deal
5092,deal
5272,deal
5507,deal
5705,deal
5850,deal
5257,deals
75,death
1066,death
1092,death
1381,death
3254,death
4293,death
5345,death
5684,death
613,death
3149,death
3288,death
1924,debate
2361,debate
2999,debate
5984,debate
265,debate
2160,debate
2369,debate
1231,debt
2437,debt
3110,debt
4348,debt
5516,debt
482,decades
805,decades
927,decades
980,decades
2776,decades
3365,decades
4461,decaying
1741,decide
6184,decision
3721,decisions
1717,declare
1634,declared
1641,declares
2063,declares
5278,declines
390,deep
3530,deepens
2376,deeply
1027,defeat
2774,defeat
1903,defends
1599,defends
1638,defends
1645,defends
2990,defends
4117,defends
5626,defends
500,defense
542,defense
1707,defense
2383,defense
2389,defense
2395,defense
2472,defense
3099,defense
3329,defense
3855,defense
4489,defense
5365,defense
5632,defense
5445,defers
3338,defiant
3141,defied
2284,defying
3102,defying
4677,defying
2087,degree
3690,delay
5320,delay
5972,delay
6197,delay
1910,delay
2201,delay
2205,delay
4250,delay
2767,deliberation
3507,delivers
3512,delivers
6054,delta
2401,demand
4304,demand
5347,demand
1978,demigods
4500,demilitarize
4633,democracy
519,democrat
1960,democrat
958,democrat
968,democrat
1233,democrat
2379,democrat
2408,democrat
2416,democrat
2424,democrat
2432,democrat
2558,democrat
2566,democrat
2834,democrat
3085,democrat
4550,democrat
4676,democrat
3659,denied
2583,denied
4412,denied
5874,depart
280,depart
2183,departure
2441,departure
913,deploy
5835,deploy
4143,deploy
4732,deploy
5993,deploy
4607,deploy
2297,deploy
748,deportation
4893,deportation
2531,deportation
4230,dept
4596,dept
3044,derailed
3155,derailed
481,descent
209,deserve
1589,desire
1689,desire
4506,desk
2360,despair
6150,despair
49,desperate
697,desperate
2448,desperate
2509,desperate
2871,desperate
2455,desperate
1416,destroy
463,destroy
2699,destroy
3255,details
639,detainee
1561,detainee
3550,detainee
1544,detainee
1932,detainee
5030,detainee
5138,detainee
5198,detainee
5555,detainee
5627,detainee
5243,deter
1510,development
5515,devos
210,die
414,die
3500,die
285,die
1085,die
2510,die
2922,die
2963,die
3252,die
3593,die
3612,die
3939,die
4079,die
4395,die
4446,die
4457,die
5165,die
6011,die
1973,differences
5478,difficult
366,digital
648,digs
1230,digs
5513,dilemma
6044,dilemma
5524,dim
163,diplomacy
1455,diplomacy
2307,diplomacy
3993,diplomacy
5495,diplomacy
4303,diplomat
5014,diplomat
1341,diplomat
3585,diplomat
5639,diplomat
1245,dire
1919,direction
4941,director
1411,disaster
3938,disaster
5494,disaster
4579,disaster
5547,disclosed
5662,disclosed
4409,disconnect
567,discredit
2196,discuss
5344,disease
376,disguise
1477,disgusting
4356,disloyal
1482,dismiss
4971,dismiss
5447,dismiss
6096,dismiss
955,disparage
965,disparage
3638,disparage
5358,disparage
2178,dispute
1593,dispute
5693,dispute
3757,disruptive
1301,dissent
3536,dissident
5328,dissolve
3381,district
4675,district
6066,district
2563,diverse
2571,diverse
120,diversity
1238,diversity
2367,divided
2377,divided
3445,divided
1061,divides
332,division
2428,divisions
4549,divisions
3511,doctor
1129,doctrine
3293,doctrine
5057,document
1971,doesn’t
5502,doesn’t
3369,dogs
3084,dome
2470,donald
2478,donald
1503,donate
2485,donors
2491,donors
4948,doomed
544,door
4323,door
350,dorm
2146,doubled
2153,doubled
3960,doubled
4804,doubt
3904,doubts
6164,doug
2496,dozens
3011,dozens
4169,dozens
4655,dozens
2503,draft
2467,draft
4666,draft
5764,draw
4175,drawback
5798,drawdown
5491,drawing
13,draw
5509,draw
4,drone
321,drone
790,drone
2726,drone
3817,drone
4092,drone
4119,drone
5225,drone
5543,drone
5612,drone
2783,dropped
335,drugged
127,dubai
4232,dubious
4889,duckworth
1781,dueling
2512,dueling
2519,duncan
367,dunkirk
3027,duties
1501,e.u
1533,e.u
1660,e.u
2035,e.u
2528,e.u
2534,e.u
2541,eager
4518,eager
135,easily
2935,easing
5666,easing
5807,easing
3405,east
5252,east
1615,easy
192,eaten
111,echoes
3326,echoes
3434,echoes
5671,economy
158,edge
3431,education
5698,effectively
3569,efforts
3774,efforts
4612,efforts
384,eid
734,eid
5913,elected
264,election
1441,election
2940,election
3577,election
3848,election
4257,election
5116,election
5314,election
5488,election
2549,elite
4925,elite
6196,elite
3166,elusive
3604,elusive
3804,elusive
5591,embargo
1016,embassy
3267,embassy
5327,embrace
6220,embraced
1657,embracing
3441,emerge
6078,emerge
2271,emergency
4260,emerges
3786,emerging
6165,emhoff’s
160,empathy
1724,empathy
2557,emulating
2565,emulating
5209,endless
5279,endorse
569,enemy
4811,enemy
1255,enemy
1986,enemy
3171,enemy
4954,engage
3425,enrages
2185,ensues
4755,enter
4762,enter
824,enter
5752,enter
125,entrepreneurs
1398,envoy
4032,envoy
6142,envoy
3265,envoy
4296,epic
5056,epic
2013,episodes
2764,era
3668,era
1080,erdogan
1214,erdogan
2573,erik
2579,erik
621,errant
657,escalating
50,escape
80,escape
895,escape
3458,escape
4522,escape
5364,esper
1405,estimates
301,europe
634,europe
937,europe
1658,europe
2588,europe
3876,europe
5063,europe
5809,europe
2700,europe
4047,europe
6144,europe
2593,europe
2537,europe
362,evacuate
1404,evacuate
288,evacuate
292,evacuate
1191,evacuate
1647,evacuate
1799,evacuate
3480,evacuate
3561,evacuate
3568,evacuate
4406,evacuate
4834,evacuate
5598,evacuate
5751,evacuate
5872,evacuate
188,evacuate
1751,evacuate
2600,evacuate
2607,evacuate
3828,evacuate
5678,evacuate
5001,evacuate
743,evades
3653,evaluate
584,eve
3012,event
5227,evidence
3075,exam
4129,exam
2624,exceptions
3535,executes
4770,executes
2619,executive
548,exhales
183,exit
829,exit
2370,exit
2994,exit
3202,exit
3268,exit
3841,exit
595,exit
2914,exit
4144,exit
5794,exit
1664,expand
1663,expected
4113,expected
5342,expected
5800,expected
2161,expelling
2959,expert
3514,expert
3811,expires
234,explain
4986,explained
2350,explosion
4442,explosions
5621,explosive
5055,exposed
4547,exposed
489,exposed
1032,express
1588,express
5523,express
1623,expulsions
1583,extend
1798,extend
4829,extend
4870,extinguish
5085,extinguish
4989,extradition
5571,extradition
4992,extremist
3454,eyed
2107,f.b.i
2625,f.b.i
2639,f.b.i
5262,facebook
330,facing
3462,facing
889,failing
410,fall
775,fall
1172,fall
2663,fall
3665,fall
5237,fall
5359,fall
122,fall
286,fall
3681,fall
4361,fall
1124,familiar
3151,family
4021,family
5455,family
397,family
620,family
903,family
1281,family
2725,family
2978,family
3026,family
229,faso
2050,fate
905,father
2645,father
2652,father
4524,father
4968,father
1386,fathers
2826,fault
169,fear
747,fear
768,fear
853,fear
946,fear
1357,fear
1391,fear
2655,fear
3355,fear
3919,fear
4805,fear
5191,fear
2661,fear
2695,fear
1223,fear
1314,fear
1436,fear
2036,fear
2172,fear
2669,fear
2678,fear
2749,fear
4251,fear
2952,feathers
5374,february
1939,fed
142,feel
6075,feel
2686,feel
3378,feel
1005,feel
202,fell
5135,fell
54,female
485,female
2896,female
4248,female
4649,female
4771,female
4018,fence
1966,fences
1298,fend
2257,fend
4276,fentanyl
6047,festival
398,feud
3086,feud
630,fiasco
24,fight
2668,fight
3199,fight
3391,fight
3499,fight
4149,fight
4613,fight
4741,fight
4890,fight
514,fight
4780,fight
981,fight
2693,fight
3343,fight
645,figures
1125,fill
1343,fill
2134,fill
6126,fill
845,fill
819,final
1322,final
1790,final
3260,final
4841,final
5711,final
5753,final
5871,final
38,final
4672,financial
4625,finger
4833,finish
733,fire
934,fire
939,fire
2698,fire
3724,fire
3810,fire
4012,fire
4315,fire
4699,fire
5510,fire
2938,fire
4186,fire
5362,fire
4391,fisk
736,fitr
890,fix
2518,fix
1414,flash
3895,flash
208,fled
269,flee
837,flee
1043,flee
1113,flee
1228,flee
2458,flee
3251,flee
470,flee
843,flee
3430,flee
4785,flickers
293,flight
2004,flight
2707,flight
2204,flight
3482,flight
5250,flight
5599,flight
5718,flight
5873,flight
1507,flood
84,flood
1415,flood
3896,flood
3799,flournoy
2782,flynn
4259,flynn
4969,flynn
978,focus
1959,focus
5204,focus
6187,focus
912,focus
1431,focus
1031,foes
2737,foes
3324,foes
3306,follow
52,food
51,football
908,force
5786,force
1980,force’s
3328,forceful
810,forces
1178,forces
1297,forces
1761,forces
2256,forces
2551,forces
2735,forces
2822,forces
3161,forces
3227,forces
4463,forces
5647,forces
5880,forces
5885,forces
165,foreign
1122,foreign
2057,foreign
2905,foreign
3186,foreign
3321,foreign
3541,foreign
3719,foreign
5313,foreign
6153,foreign
6194,foreign
1028,foretold
1713,forever
1883,forever
2331,forever
2336,forever
2388,forever
6207,forge
2814,forge
76,forget
97,forget
5517,forgiveness
1104,forgotten
6173,formally
1469,forming
3449,fortified
5943,fortify
925,fortresses
3903,foster
5151,fought
977,found
2001,found
5104,found
5129,found
379,fragile
1433,fragile
3426,france
4002,france
2330,france
2335,france
378,france
4516,frantic
1050,freed
2836,freed
4530,freed
2080,freedom
3922,freedom
4716,freeing
3219,freezing
219,french
2162,french
2840,french
2847,fresh
3785,freshmen
1030,friends
3323,friends
5265,friends
344,front
1087,front
3983,front
3986,front
3991,front
4467,front
2800,fronts
4480,fruit
1608,frustrated
1531,frustrated
2315,fuel
4345,funding
2527,funding
3707,fury
205,future
389,future
560,future
840,future
1742,future
2721,future
3920,future
1229,g.o.p
2086,g.o.p
2368,g.o.p
2440,g.o.p
2559,g.o.p
2567,g.o.p
2899,g.o.p
2987,g.o.p
3113,g.o.p
3183,g.o.p
3784,g.o.p
3977,g.o.p
4997,g.o.p
1957,g7
5040,gain
3007,gain
3588,gain
3750,gamble
82,game
1711,game
3476,game
1824,gaps
4398,gates
2003,gear
4496,gear
2374,generals
3997,generals
4249,generals
4962,generals
5417,generals
1720,genocide
2067,genocide
2915,george
385,german
2924,german
3030,german
1253,german
2595,german
2932,german
3579,german
4537,german
5886,german
2939,german
892,ghani
2943,ghani
2949,giant
2804,gifts
2955,gil
2504,gino
4445,ginsburg
393,girls
403,girls
2019,girls
3429,girls
559,glimpse
1819,global
4471,global
4644,global
5565,global
5969,global
145,goal
5406,goal
5453,gold
5467,golfs
3755,gorbachev
3210,govern
951,govern
4539,govern
570,government
636,government
2197,government
3687,government
4034,government
4344,government
4626,government
4708,government
4752,government
6118,government
2733,graduating
2964,graduating
1429,graduating
4898,graham’s
171,greece
305,greece
1379,greece
2539,greece
2937,greece
2954,greece
4052,greece
4316,greece
5961,greece
5964,greece
942,greece
2704,greece
4181,greece
2621,green
2731,green
2972,green
4534,green
2980,grenell
4979,grief
1070,grief
4341,grill
180,grill
2986,grill
2995,grim
241,grinds
1224,grip
1313,grip
4813,grip
1182,grip
1022,ground
5041,ground
5900,ground
5908,ground
1316,grow
1437,grow
3716,grow
1521,grow
3208,grow
3944,grow
4722,grow
1244,grow
1262,grow
1310,grow
4336,grow
6021,grow
638,guantánamo
1543,guantánamo
1562,guantánamo
1802,guantánamo
2202,guantánamo
2210,guantánamo
2837,guantánamo
3003,guantánamo
3554,guantánamo
3655,guantánamo
4131,guantánamo
5029,guantánamo
5197,guantánamo
5554,guantánamo
5629,guantánamo
5137,guantánamo
989,guard
1888,guard
2299,guard
3491,guard
4135,guard
4773,guard
799,guard
3546,guard
3352,guided
3917,guidelines
5649,guinean
2421,gun
3504,gun
2642,gun
3009,gun
3016,gun
5214,gun
3341,gym
1696,hacking
9,hail
2709,hail
1518,haiti
2495,haiti
2517,haiti
5148,haiti
6040,haiti
6149,haiti
1549,haiti
1621,haiti
6124,haiti
4976,hajj
3778,halt
3936,halt
2620,halting
4610,hampers
19,hand
606,handed
4999,handle
203,happen
2464,happen
3364,harbor
3609,harcourt
632,hard
1788,hard
3910,hard
952,harder
3342,harm
1430,harris
3671,harris
5982,harris
6170,harris
3415,harris
439,harry
3022,harry
399,harsh
716,harsh
6089,harvest
104,hashish
521,hasty
894,hasty
1107,haunted
6158,haven
933,havoc
212,hazaras
4265,hell
3058,hell
3064,hell
2507,health
3376,health
5575,health
4351,heap
4663,hear
337,heard
3361,heart
2648,heartbreak
1046,held
6106,held
464,helicopter
1422,helicopter
4136,helicopter
2602,helped
3935,helped
5186,helped
3702,helped
1982,helpless
5124,herders
394,heroic
1279,hide
1972,hide
3228,hide
5264,hide
2034,highlights
4408,highlights
866,highly
1103,hill
1506,himalayan
3460,hindus
6076,hints
3258,hire
2547,history
1333,history
3211,history
3738,history
4404,history
2409,hit
3340,hit
709,hit
2351,hit
561,hold
5349,hold
1119,hollywood
57,home
424,home
513,home
844,home
1044,home
1283,home
1964,home
2540,home
3283,home
3472,home
5487,home
1876,home
944,home
5132,honor
2895,honor
906,hope
1289,hope
1687,hope
1933,hope
3485,hope
5843,hope
2562,hope
2570,hope
3726,hope
5664,hope
1385,hope
2553,horrific
197,horror
1033,horror
65,hospital
1851,hospital
2799,hostile
416,hour
107,house
1675,house
2378,house
2419,house
2561,house
2569,house
3079,house
3088,house
3097,house
3106,house
3115,house
3125,house
3131,house
3503,house
3766,house
3783,house
4565,house
4680,house
6095,house
6102,house
6109,house
2869,houston
5106,houston
5240,hubris
5180,huddle
1669,human
4379,human
1226,hundreds
3216,hundreds
3222,hunted
2520,hunter
820,hurdle
1837,hurricane
3229,i.c.c
3237,i.c.c
1109,iconic
1838,ida
3245,ida
5098,ideologues
457,ignites
5761,illegal
2996,image
4876,image
2773,image
2787,immigrants
3518,imminence
4703,imminent
3717,impatient
2009,impeachment
3489,impeachment
6058,impeachment
2429,imperil
3094,imperil
3189,imperil
2666,implore
1554,impose
1901,inaccurate
5393,inaccurate
3447,inaugural
3927,inaugural
2623,include
626,include
4656,include
5096,include
2281,increase
3112,increase
1390,increase
4798,increase
1116,incursion
5589,indefinite
4102,independent
5463,independent
1508,india
1666,india
2997,india
3456,india
4008,india
5967,india
6132,india
2795,india
5389,indict
3464,indonesian
1523,industry
3505,industry
5457,infection
2577,infiltrate
1449,influence
4872,influence
5087,influence
5315,influence
2037,influx
162,informal
3006,information
5431,informs
2118,infrastructure
177,inherit
2010,inquiry
3233,inquiry
4103,inquiry
148,inside
3470,inside
3478,inside
3487,inside
3493,inside
3501,inside
3730,inside
4792,inside
5464,inspector
5522,inspector
4487,installing
2516,institutions
5441,intel
920,intelligence
1628,intelligence
1873,intelligence
2239,intelligence
2634,intelligence
3515,intelligence
3522,intelligence
3971,intelligence
4426,intelligence
4561,intelligence
5312,intelligence
5449,intelligence
5531,intelligence
4856,intensify
5037,intensify
5898,intensify
5906,intensify
4913,intentions
4973,interference
4751,interim
5536,international
493,interpreter
1356,interpreter
2072,interpreter
4237,intervention
6041,intervention
436,interview
36,intolerant
4392,intrepid
3529,intrigue
808,investigate
3238,investigate
4439,investigate
5167,investigate
794,investigate
2417,investigate
2131,investigate
5207,investigate
5223,investigate
5820,investigate
869,invisible
5952,invisible
6130,invisible
3643,inviting
3346,invoking
1166,involved
3693,involved
1019,iran
1048,iran
2630,iran
3122,iran
3278,iran
3534,iran
3912,iran
4213,iran
4983,iran
5592,iran
5742,iran
6141,iran
2848,iran
3540,iran
4301,iran
5670,iran
798,iran
5244,iran
1705,iraq
1808,iraq
2474,iraq
2961,iraq
5383,iraq
5799,iraq
5827,iraq
5836,iraq
3549,iraq
4611,iraq
225,irish
3083,iron
245,isis
929,isis
2723,isis
3317,isis
3555,isis
3563,isis
5229,isis
5682,isis
2742,islamic
458,islamist
2157,islamist
2705,island
2967,isolate
351,isolate
5127,isolate
1858,israel
2802,israel
3087,israel
124,israel
1908,israel
3242,israel
3908,israel
6168,issue
530,issue
1975,issue
4000,issue
5951,issue
848,istanbul
58,italy
3354,italy
2830,jagged
3357,jail
4526,jail
4552,jan
3589,javier
3249,jews
3600,jill
3608,joanna
3803,job
4063,job
4556,job
847,job
3617,joe
3623,joe
3627,joe
3858,joe
3633,john
2039,johnson
3642,johnson
5564,johnson
5153,join
2730,join
4066,joint
641,journalist
875,journalist
224,journalist
3711,journalist
3957,journalist
5140,journalist
199,journey
407,journey
503,journey
2884,journey
3626,journey
3474,joy
3650,judge
3662,judge
5306,judge
5568,judge
1143,judge
4435,judge
2797,juggling
3657,julian
4987,julian
15,jungle
5305,juror
1133,justice
5956,justice
1712,justifies
70,kabul
168,kabul
200,kabul
237,kabul
323,kabul
408,kabul
427,kabul
1276,kabul
1650,kabul
1737,kabul
1749,kabul
1911,kabul
2005,kabul
2186,kabul
2193,kabul
2352,kabul
2359,kabul
2608,kabul
2708,kabul
2867,kabul
3018,kabul
3143,kabul
3269,kabul
3312,kabul
3562,kabul
3570,kabul
3586,kabul
3819,kabul
3829,kabul
4121,kabul
4407,kabul
4616,kabul
4624,kabul
4653,kabul
4800,kabul
4873,kabul
4943,kabul
5088,kabul
5614,kabul
5930,kabul
6072,kabul
6204,kabul
211,kabul
1320,kabul
2662,kabul
3360,kabul
3367,kabul
3663,kabul
4367,kabul
3414,kamala
3670,kamala
4756,kandahar
3634,kelly
312,key
1974,key
3677,key
4763,key
6082,keystrokes
1157,kidnap
3297,kidney
1151,kids
46,kill
609,kill
1158,kill
3010,kill
4423,kill
4654,kill
4788,kill
5422,kill
5606,kill
5856,kill
216,kill
227,kill
624,kill
642,kill
797,kill
1018,kill
1408,kill
1413,kill
1736,kill
1949,kill
2098,kill
2342,kill
2842,kill
3040,kill
3894,kill
3958,kill
4097,kill
4527,kill
5724,kill
6071,kill
6218,kill
3930,kill
3020,kill
4042,kill
4209,kill
1484,kill
2065,kill
2597,kill
4902,kill
588,kill
1460,kill
1946,kill
2017,kill
4492,kill
6003,kindness
572,kinzinger
4930,klain
217,knife
3949,korea
4974,kremlin
2260,kunduz
3683,kyrgyzstan
2483,laid
4241,laid
4077,laingen
1194,lament
4024,lament
1464,land
5692,land
2092,land
2002,land
4061,lap
4990,lapses
2701,largest
3205,largest
1526,lashes
5386,lashes
1874,latino
2589,lauds
2680,launch
5680,launches
469,law
1681,law
1775,law
2392,law
184,lawmakers
3689,lawmakers
3697,lawmakers
3704,lawmakers
922,lead
1100,lead
1871,lead
3129,lead
5334,lead
647,leader
882,leader
1137,leader
1525,leader
1571,leader
1909,leader
2845,leader
3909,leader
4543,leader
5437,leader
5737,leader
5858,leader
5911,leader
5919,leader
654,leader
1302,leader
1534,leader
2290,leader
3622,leader
4123,leader
4200,leader
5094,leader
5608,leader
6119,leader
6145,leader
3767,leadership
2121,lead
5303,leahy
3543,leak
2637,leak
3710,leans
1604,leans
476,leave
1339,leave
2024,leave
3846,leave
4464,leave
1069,leave
1331,leave
4231,leave
4294,leave
5688,leave
5695,leave
1606,leave
1963,leave
5841,leave
1049,lebanon
4227,led
5732,led
1491,led
133,left
170,left
1342,left
1358,left
4430,left
4513,left
4909,left
3793,legacy
4233,legacy
5002,legacy
5691,legacy
1128,legal
6166,legal
1690,legitimacy
2706,lesbos
4184,lesbos
5735,letter
2168,level
5826,levels
2578,liberal
6009,liberal
1607,liberal
2286,liberal
3715,liberal
5131,libraries
2093,libya
2585,libya
3722,libya
772,lies
4258,lies
5052,lies
2785,life
2928,life
3729,life
5158,life
5929,life
6090,life
4347,lift
5803,lift
2838,limbo
3111,limit
4349,limit
4019,limit
4664,limit
1365,limit
4897,lindsey
345,line
1088,line
3911,line
3984,line
3987,line
3994,line
4469,line
3992,line
2640,links
3453,links
4440,links
114,list
3945,list
2781,list
1987,list
5266,list
852,live
3613,live
5125,live
132,live
5022,live
3792,live
4353,liz
1703,lloyd
3506,lobbyist
1425,local
5474,lock
221,lockdown
4054,lockdown
2956,loescher
3734,lone
573,lonely
3145,longstanding
3742,longtime
5074,looms
5893,looms
5939,lose
3350,loss
1006,loss
1053,loss
83,lost
128,lost
198,lost
270,lost
1376,lost
1448,lost
3184,lost
5255,lost
3372,louisiana
123,love
3615,love
5133,love
846,lowliest
5443,loyalists
1473,lurid
3496,luring
1977,lust
6038,machine
3747,macron
4338,mad
3359,mafiosi
4745,major
4853,major
1941,majority
893,makes
5468,makes
5634,makes
1150,mandates
3754,mandela
5482,manhood
6122,mansion
6138,mansion
313,marine
2647,marine
4073,marine
4958,marine
3042,marine
5203,marine
5363,mark
10,mary
1149,mask
5999,masks
2064,mass
4275,massive
5503,match
4026,matches
5622,material
2873,maternity
5023,matter
2295,max
3761,mccarthy
1235,mcconnell
3768,mcmaster
3775,measles
5717,medevac
644,media
3651,medical
1270,meet
3782,meet
6001,meet
1212,meet
1569,meet
1859,meet
1907,meet
5920,meet
440,meghan
3023,meghan
3901,memo
2106,memoir
1056,memorial
3408,memory
1965,mend
5574,mental
5469,mention
2091,mercenaries
1522,mercenaries
2586,mercenaries
4922,merchant
2930,merkel
3797,merkel
3790,merkel
3416,message
1782,message
1789,messy
3798,michèle
1021,middle
3404,middle
5251,middle
5995,middle
5667,middle
23,migrant
4005,migrant
4048,migrant
174,migrant
303,migrant
796,migrant
945,migrant
1407,migrant
1622,migrant
2033,migrant
2317,migrant
2533,migrant
2538,migrant
3217,migrant
4180,migrant
5179,migrant
5962,migrant
5965,migrant
422,mile
334,milestone
3319,militants
3805,militants
4020,militants
4421,militants
279,military
499,military
529,military
827,military
868,military
907,military
961,military
971,military
993,military
1236,military
1251,military
1440,military
1480,military
1927,military
2127,military
2289,military
2391,military
2400,military
2447,military
2796,military
2841,military
3127,military
3136,military
3451,military
3525,military
3812,military
3820,military
3826,military
3999,military
4161,military
4205,military
4322,military
4389,military
4495,military
4503,military
4665,military
4916,military
5174,military
5325,military
5395,military
5413,military
5504,military
5709,military
5715,military
5723,military
5896,military
5904,military
881,militia
1426,militia
1486,militia
3495,militia
5945,militia
3832,milley
4339,milley
2,million
411,million
6136,million
1160,mine
1465,mine
3542,minister
4847,ministry
2399,minorities
4245,minute
5256,minute
1190,miracle
28,mired
4863,miscalculations
3838,miscue
3839,miscue
658,misinformation
3374,misinformation
2011,missed
623,missile
5854,missile
5605,missile
5532,missing
574,mission
1075,mission
1345,mission
2629,mission
3887,mission
4229,mission
4281,mission
4950,mission
4096,mistake
1196,mistake
2789,mob
3739,modern
4643,moment
6005,mondale
1691,money
596,monitors
2606,month
3047,month
2523,month
4583,month
2876,morning
22,morocco
6178,moscow
3573,mosque
419,mother
4452,mother
3850,motorist
2425,move
4179,move
5811,move
352,move
1352,move
1481,move
2280,move
2855,move
4127,move
2851,move
6137,mumbai
2877,murder
2929,murder
3257,murder
4453,murder
3286,murky
3863,muslim
4981,muslim
1327,muted
1996,mutilated
811,mutilated
5326,mutual
3532,myanmar
4271,myanmar
4278,myanmar
4629,myanmar
3867,myanmar
2445,myriad
294,named
2779,named
5415,named
1672,names
4402,names
2543,narrative
4632,nascent
329,nation
1576,nation
1642,nation
1768,nation
988,national
1823,national
1887,national
1914,national
2298,national
3073,national
3490,national
4134,national
5286,national
2243,national
3446,nation
5558,nation
2088,nativist
1659,nato
1970,nato
3873,nato
3879,nato
1427,navy
3884,navy
4995,navy
2926,nazi
1249,nazi
5109,nearby
1213,nears
5618,nears
429,negotiate
577,negotiate
2891,neighbor
5107,neighbor
1248,neo
2925,neo
425,nervy
2801,netanyahu
5212,news
5430,newspaper
4475,nice
1168,niger
3695,niger
3371,night
3477,night
3988,night
3933,nikolai
3402,nimitz
2920,nixon
3941,nobel
1869,nominate
1164,nominate
911,nominate
364,nonprofit
3583,normal
6074,normal
4266,normal
3948,north
4715,north
4766,north
5601,north
4857,north
5258,nose
72,notes
446,nuclear
1584,nuclear
1698,nuclear
4984,nuclear
3246,nudel
3471,nursing
2945,oath
1120,obama
1673,obama
5743,objections
3335,objectives
1450,obscured
3243,occupied
2084,odds
3142,odds
4768,offensive
2535,offer
4419,offer
1917,offer
2228,offer
2529,offer
3214,offer
3457,offer
4217,offer
4597,offer
1165,officer
2097,officer
2128,officer
3692,officer
1989,officer
5019,officer
263,official
739,official
921,official
1134,official
1278,official
1476,official
2919,official
3024,official
3128,official
3762,official
611,official
652,official
1287,official
1679,official
1686,official
1955,official
1999,official
2006,official
2029,official
2665,official
3521,official
3821,official
3962,official
3968,official
4887,official
4914,official
5288,official
5377,official
2225,olympics
4545,omar’s
369,online
3737,online
4058,online
2587,operation
5699,operation
3272,opium
756,opponent
5367,opponent
151,opponent
3114,opponent
435,oprah
4105,ops
4620,options
5027,original
1840,orleans
1135,ousted
3207,outbreaks
2807,outcome
4001,outcry
3193,outlasted
5213,outlet
1108,outpost
2769,overcaution
33,overnight
5196,overnight
3133,override
3311,overrun
4794,overrun
1047,overseas
1846,overseas
6107,overseas
2856,oversee
5527,oversight
1141,overturns
4039,overturns
3101,overwhelmingly
3386,p.m
6052,pacesetter
5831,packing
3599,pacts
6121,paid
2765,painfully
2433,pair
254,pakistan
359,pakistan
838,pakistan
1161,pakistan
1309,pakistan
1898,pakistan
1952,pakistan
2023,pakistan
2322,pakistan
2402,pakistan
2892,pakistan
4007,pakistan
4015,pakistan
4023,pakistan
4030,pakistan
4523,pakistan
5938,pakistan
6048,pakistan
2158,pakistan
1943,pakistan
4037,pakistan
2502,palace
3631,palin’s
331,pandemic
1261,pandemic
3188,pandemic
3575,pandemic
4045,pandemic
4053,pandemic
5353,pandemic
5804,pandemic
5996,pandemic
1140,panel
3652,panel
5780,panel
3387,panjshir
4737,panjshir
3140,paralympians
507,paralympics
3553,paralysis
6215,pardon
3078,pardon
5994,parenthood
1153,parents
4004,paris
2159,parliament
1273,parties
101,partners
985,partners
1857,partners
1209,party
2313,party
3787,party
4069,pass 
3089,pass 
3098,pass 
3107,pass 
909,past
1054,past
2752,past
1002,path
1806,path
5111,patience
2694,patriarchy
1619,patrol
3508,patrons
4413,paying
3156,payments
579,peace
601,peace
649,peace
661,peace
668,peace
674,peace
771,peace
801,peace
887,peace
1291,peace
1383,peace
2232,peace
2887,peace
3045,peace
3382,peace
3598,peace
3727,peace
3942,peace
4701,peace
4803,peace
5091,peace
5271,peace
5733,peace
5849,peace
6027,peace
6061,peace
6199,peace
5126,peace
3760,peace
4044,pearl
4451,pearl
4456,pearl
5817,penalize
5981,pence
5990,penchant
4076,penelope
546,pennsylvania
2641,pensacola
116,pentagon
1136,pentagon
1435,pentagon
1921,pentagon
2282,pentagon
3059,pentagon
3280,pentagon
3398,pentagon
3743,pentagon
3802,pentagon
4084,pentagon
4088,pentagon
4100,pentagon
4108,pentagon
4116,pentagon
4122,pentagon
4126,pentagon
4133,pentagon
4140,pentagon
4150,pentagon
4157,pentagon
4165,pentagon
4172,pentagon
4280,pentagon
5248,pentagon
5335,pentagon
5403,pentagon
5427,pentagon
5440,pentagon
5490,pentagon
5553,pentagon
5728,pentagon
371,people
1770,people
3050,people
3076,people
3162,people
4623,people
6125,people
3590,pérez
4686,peril
415,perilous
1076,persist
3831,persist
4806,persist
2192,persist
1399,personal
1813,pete
4240,philip
1995,photographer
5032,photographs
2341,photographer
117,pick
1922,pick
6140,pick
553,pick
563,pictures
2832,pieces
614,pile
4977,pilgrimage
3289,piling
48,pilots
681,pilots
62,pitching
5060,pivot
178,plan
662,plan
1820,plan
1929,plan
2094,plan
2119,plan
2532,plan
3842,plan
5428,plan
289,plane
1991,plan
1701,plan
3198,plan
5492,plan
284,player
56,player
1710,plays
3759,plays
1247,plead
1797,plead
275,pledge
2486,pledge
4010,pledge
1654,pledge
3672,pledge
2890,pliable
3259,plots
566,plotted
3951,plutonium
71,pocket
4292,poet’s
4679,poised
1259,poisoning
1988,police
3452,police
3621,police
4003,police
4178,police
4187,police
4497,police
4850,police
3548,policy
5475,policy
1123,policy
1203,policy
1731,policy
2058,policy
2906,policy
3187,policy
3322,policy
3720,policy
6195,policy
863,polio
862,poliovirus
4875,polish
726,politics
1060,political
1207,political
2169,political
3153,political
3836,political
4360,political
4685,political
5390,political
3015,political
5311,political
2382,politics
4029,politics
5233,politics
6010,politics
6056,polls
6088,pomegranate
1268,pompeo
3056,pompeo
4193,pompeo
4204,pompeo
4212,pompeo
4219,pompeo
4226,pompeo
1052,ponder
5991,pontificating
3300,poor
4234,pope
5703,portions
2235,poses
2444,poses
3557,poses
3564,poses
4387,poses
2498,positive
2710,positive
5877,possibility
2761,post
3435,post
3746,post
4640,post
5004,post
2170,post
4709,post
4760,post
3972,potential
4598,potential
689,power
699,power
723,power
915,power
1367,power
2514,power
2984,power
3173,power
1373,power
1496,power
2364,power
3121,power
5745,power
1081,praises
4056,predators
2061,predecessors
3517,predict
4678,predictions
434,pregnancy
1361,preoccupies
857,prepare
1269,prepare
828,prepare
2611,prepare
3645,prepare
1716,prepare
2224,prepare
5379,prepare
392,presence
5276,presence
3407,preserving
3353,president
4477,president
6211,president
347,president
696,president
702,president
754,president
2947,president
3758,president
4287,president
6007,president
6014,president
6161,president
2501,president
3603,president
1372,president
1494,president
2362,president
1535,press
3921,press
2288,presses
4563,presses
1308,pressure
4799,pressure
2439,pressure
73,prevent
6013,preview
3299,preys
2079,price
2574,prince
2580,prince
4239,prince
2381,priorities
248,prison
1803,prison
2524,prison
3053,prison
3733,prison
3808,prison
4772,prison
448,prison
678,prison
704,prison
707,prison
3656,prison
4132,prison
666,prison
817,prison
4717,prison
93,prison
3943,prize
1443,pro
581,procedures
3234,proceed
4570,process
3952,producing
4277,production
3316,profile
5,program
651,progress
1536,progress
3606,promise
4802,promise
2454,promise
1502,promise
692,promote
2398,promote
4075,promote
4961,promote
3691,promote
4247,promote
1093,prompt
2682,prompt
2998,prompt
4218,proof
3002,propaganda
5035,propaganda
4167,proposal
2211,prosecutor
2979,prosecutor
4381,prosecutor
3004,prosecutor
5260,protect
2453,protect
5194,protect
5143,protect
1445,protest
4783,protest
2109,protest
3852,protest
926,protest
2829,protest
3685,protest
1529,protest
3539,protest
4809,protest
3392,proud
4189,proud
4956,proud
3033,prove
5238,prove
4712,provincial
4796,provincial
4838,provincial
6143,proxy
11,psychedelic
3614,psychedelic
3375,public
5321,publication
712,pull
1439,pull
2612,pull
5407,pull
144,pullout
586,pullout
1640,pullout
1896,pullout
3979,pullout
5630,pullout
5926,pullout
1318,pull 
3891,punish
2950,puppet
5404,purge
2981,pursued
99,push
541,push
1818,push
1937,push
3963,push
4202,push
4499,push
4877,push
6213,push
2117,push
5730,push
6103,push
4254,push
5079,push
1257,putin
1581,putin
1587,putin
1863,putin
4261,putin
5419,putin
5446,putin
5480,putin
6205,putin
3773,putin
2831,puzzle
931,qaeda
1004,qaeda
2644,qaeda
2844,qaeda
4216,qaeda
5069,qaeda
5607,qaeda
5857,qaeda
1012,qaeda
4255,qanon
6222,qanon
803,qatar
2865,qatar
2493,quake
4268,quandary
66,quarantined
4808,quash
1492,quest
4899,quest
3946,questionable
633,questions
3815,questions
948,quick
3442,quick
4920,quick
4449,race
4832,race
455,radical
2777,radio
5866,rage
4273,raids
788,raise
631,raise
3725,raise
3814,raise
4775,raise
2171,raise
2436,raise
3648,raise
4082,rally
4363,rally
5024,rally
4816,ramp
4822,ramp
3827,ramp
6216,ramp
1722,ran
2818,rancor
226,ranger
1252,ranks
5944,ranks
1865,ransomware
694,rape
1091,rape
336,rape
731,rare
1094,rare
2055,rare
4279,rare
461,rare
2077,rates
5669,rattle
1728,rattle
3897,ravage
940,razes
295,reach
1132,reach
4253,reaction
3953,reactor
4285,read
5832,ready
4148,ready
2921,reagan
5042,real
400,reality
5341,reality
5505,reality
3509,reassurance
2683,reassurance
3212,rebel
4291,rebel
4312,rebuild
532,rebuke
4299,rebuking
1189,recall
1733,receives
938,reckoning
4472,recognition
6174,recognize
1600,record
3931,record
6104,recover
3439,recriminations
2564,recruits
2572,recruits
2575,recruits
2114,red
2309,red
2690,redemption
5706,reduce
5824,reduce
4307,reduce
1850,reed
437,refocus
5462,reform
44,refuge
375,refugee
505,refugee
935,refugee
1185,refugee
2702,refugee
4313,refugee
4599,refugee
715,refugee
1063,refugee
1827,refugee
2278,refugee
2885,refugee
2934,refugee
2958,refugee
3034,refugee
4319,refugee
6148,refugee
4346,refusing
37,regime
146,regime
2466,register
1923,reignites
5739,reimposes
4201,reject
4828,reject
5514,reject
2373,reject
5411,reject
166,relations
1590,relations
1667,relations
3966,relations
1042,relatives
449,release
705,release
815,release
1545,release
1934,release
664,release
4900,relevance
5047,relics
1845,relief
2301,relief
3475,relief
4306,relief
4327,relief
5867,relief
6034,relief
1944,religious
4849,religious
2070,relocation
3403,remain
5749,remain
3165,remains
4289,remarks
5357,remarks
1577,remembers
4331,remote
6059,remove
818,remove
5412,renaming
4009,renew
1697,renew
5998,rent
317,reopening
637,repatriation
4377,repeals
4559,repeat
1195,repeat
3764,replace
4400,replace
8,report
953,report
963,report
2240,report
3636,report
5316,report
3551,report
5356,report
2638,reporter
4454,reporter
35,reporter
3959,reporter
4567,report 
6097,report 
233,representatives
2751,repressive
1891,republican
5285,republican
1239,republican
1596,republican
2414,republican
4337,republican
4342,republican
4350,republican
4358,republican
1551,request
2465,requiring
431,rescued
3164,rescued
5177,resettlement
5561,reshuffle
4618,resident
1010,resilient
459,resistance
2082,resistance
2660,resistance
2715,resistance
3390,resistance
4739,resistance
4786,resistance
1796,resistance
2882,resort
517,respect
5585,respite
1095,response
2859,response
4138,response
4744,responsibility
2484,rest
4242,rest
3950,restarted
1121,restoration
4366,restoration
5066,restrain
3119,restrict
5806,restrict
5496,results
4373,resumes
5852,resurges
2460,retaken
5336,retired
2212,retiring
6191,retreat
16,retreats
1315,retribution
2744,return
2750,return
3967,return
1994,reuters
2340,reuters
4274,reveal
3869,reveal
496,reversal
3277,reversal
3397,reversal
2786,reversal
5426,reversal
4374,reversal
1371,revisits
1517,revolution
3545,revolution
4965,rhodes
4081,ribbon
5959,rice
4465,rich
6,riddled
5917,rigging
1598,rights
1670,rights
4380,rights
917,riot
1513,riot
3433,riot
3455,riot
4364,riot
2138,riot
2670,rise
4382,rise
1065,rise
382,risk
3752,risk
6020,risk
349,risk
1511,risk
2948,rival
3146,rival
5668,rival
721,rival
1363,rival
5391,rival
2410,road
663,roadblock
4390,robert
4397,robert
3032,robot
4980,rocks
466,rogue
3481,rogue
877,rohde
358,roil
2584,role
1677,role
5302,role
5518,rollback
4929,ron
118,rose
2296,rose
5031,roster
3025,royal
4308,rubble
2951,ruffles
6093,ruin
557,rule
2717,rule
3213,rule
3370,rule
5013,rule
5928,rule
998,rule
792,rule
5542,rule
1144,rule
2471,rumsfeld
2479,rumsfeld
405,run
480,run
879,run
1875,run
3313,run
468,run
5122,run
4619,run
5159,rural
185,rush
3698,rush
4405,rush
1083,russia
1557,russia
3167,russia
4207,russia
4221,russia
4411,russia
4417,russia
4566,russia
5529,russia
5895,russia
5903,russia
6100,russia
6111,russia
4924,russia
607,russia
1567,russia
1629,russia
1695,russia
2292,russia
2650,russia
3256,russia
3906,russia
4427,russia
4436,russia
4585,russia
4668,russia
4972,russia
5205,russia
5375,russia
5774,russia
4443,ruth
4450,ruth
5097,ruthless
2141,sabotage
39,safe
167,safe
6157,safe
683,safety
2671,safety
4334,sahara
2329,sahel
2334,sahel
2423,sales
4062,sales
1556,sanctions
4305,sanctions
4378,sanctions
5535,sanctions
5741,sanctions
5890,sanctions
6115,sanctions
3630,sarah
1277,saudi
4991,saudi
6023,saudi
5269,save
3048,save
4967,save
4975,savvy
5274,scale
4998,schism
4966,scholar
1148,school
1945,school
2016,school
2356,school
2618,school
406,school
1220,school
361,scramble
370,scramble
2101,scramble
90,scream
176,sea
2090,sea
3051,sea
5760,sea
423,search
1348,search
3578,season
4036,seat
91,secret
472,secret
3886,secret
4944,secret
5541,secret
5635,secret
5702,secret
6037,secret
543,secretary
1708,secretary
1816,secretary
2390,secretary
2396,secretary
2473,secretary
4490,secretary
5366,secretary
5633,secretary
5604,secret
4418,secret
5051,secret
4557,securing
923,security
1877,security
1915,security
2275,security
2821,security
3130,security
3160,security
3448,security
3925,security
4459,security
5157,security
5287,security
5923,security
1250,seed
2457,seek
4591,seek
1375,seek
804,seek
3250,seek
3700,seek
3860,seek
4470,seek
1766,seek
1772,seek
3902,seek
4141,seek
4151,seek
5763,seek
5922,seek
6186,seek
3865,seismic
2658,seize
3686,seize
4758,seize
4810,seize
4836,seize
4845,seize
2265,seize
4476,seize
2140,selfie
2411,sell
4479,selling
918,senate
4484,senate
4491,senate
4501,senate
6123,senator
2988,senator
2492,send
4168,send
4933,send
5673,send
5770,send
1780,send
3116,send
4502,send
2304,sense
2792,sense
6202,sense
3054,sentence
3932,sentence
2521,sentence
2636,sentence
2927,sentence
1578,sept
1833,sept
2213,sept
4510,series
1769,serves
2311,serves
1735,service
5941,service
6070,service
4519,serving
4067,session
676,set
3547,set
4050,set
4314,set
20,set
2365,set
2404,set
2656,set
173,set
1879,set
3123,set
741,sexual
2326,sexual
2393,sexual
2054,shadow
2180,shadow
3632,shadow
3494,shadow
1036,shakes
2794,shame
1234,shaming
3406,shanksville
1205,shape
164,shape
1592,shape
690,sharing
724,sharing
1918,sharp
4174,sharp
4548,sharp
5058,sharp
3788,sharp
4883,shelling
5123,shelter
4891,shield
1767,shift
2542,shift
4538,shift
2793,shock
4993,shoot
2975,shoot
6114,short
252,shot
3800,shot
3851,shot
4263,shot
5219,shot
1505,shot
2758,shove
4544,showdown
3303,shrouded
4188,shrugged
2916,shultz
4326,shut
2427,shutdown
1152,sick
4647,siddiq
2339,siddiqui
655,sideline
4551,sidelined
3055,sidestepped
341,siege
478,siege
6203,siege
6033,sigh
1844,sigh
242,sight
4923,sight
298,sign
722,sign
4146,sign
5579,sign
2714,sign
3388,sign
3461,sikhs
2422,silencer
3641,silent
3769,silent
6099,silent
106,single
4185,site
698,situation
3582,situation
1457,skeptical
6085,skeptical
2901,skims
5983,skirmish
2646,slain
4325,slammed
3057,slapped
1981,slaughter
190,slept
4560,slotkin
5776,slow
4568,sluggish
1478,slur
3610,smith
789,snags
593,soar
600,soar
5686,soar
55,soccer
283,soccer
738,soccer
914,soft
4152,soft
1215,soft
3913,soft
2653,soldier
494,soldier
1483,soldier
1990,soldier
3640,soldier
5360,soldier
5650,soldier
787,somalia
2099,somalia
4111,somalia
4171,somalia
4575,somalia
5384,somalia
5401,somalia
4243,somber
420,son
1377,son
1853,son
2654,son
682,sought
6209,souls
5119,sounding
3713,sources
2095,south
5758,south
3412,southeast
3248,soviet
3362,soviet
3436,soviet
1115,soviet
154,sow
3172,space
21,spain
223,spanish
5108,sparing
6134,sparring
1886,speaks
4270,speaks
5432,speaks
5435,speaks
2734,special
4104,special
1757,speech
2971,speech
5297,speech
5397,speech
554,speed
3091,speed
4730,speeds
2272,spending
2412,spending
2434,spending
3108,spending
2576,spy
4580,spy
5640,spy
3147,spiraled
509,spokesman
5338,spokesman
656,spokesmen
438,spotlight
4819,spreads
6029,spreadsheets
2976,spree
2687,spurned
4507,spurning
565,spy
4428,spy
4437,spy
4589,spy
4927,squad
941,squalid
5181,squalid
5439,stacks
825,stage
2771,stage
4645,stage
4852,stage
5651,stage
5980,stage
6163,stage
4482,stalk
4706,stalwarts
2406,stampede
1216,stance
1323,stand
2031,standoff
1785,stand 
5454,star
603,start
324,start
5102,start
2743,state
2778,station
3037,statue
4600,status
755,staunch
512,stay
1336,stay
1748,stay
2592,stay
2677,stay
2942,stay
4603,stay
5848,stay
996,stay
2386,stay
1009,stay
4335,steadily
2525,stealing
4362,steer
3763,stefanik
2711,step
5665,step
3745,step
2129,step
2866,step
5293,step
1793,sticks
152,sticky
4609,stigma
60,stimulus
531,stinging
2748,stir
3918,stir
3538,stoking
4256,stolen
302,stop
6113,stops
484,storied
2790,storm
3017,storm
5025,storm
3616,story
2505,strada
1118,straight
492,stranded
3218,stranded
4517,stranded
4615,stranded
4571,strands
2883,strange
159,strategy
4727,strategy
2264,strategy
3279,strategy
5533,strategy
4637,street
3368,street
4483,street
5330,street
5370,street
2897,strength
1432,strength
1668,stressing
1059,stretch
1774,stretched
322,strike
832,strike
1867,strike
2681,strike
2727,strike
3005,strike
3818,strike
4093,strike
4120,strike
4690,strike
5226,strike
5613,strike
5681,strike
786,strike
5544,strike
5783,strike
6024,strike
495,strike
4621,string
4627,strong
3337,stronghold
5113,strongman
1275,struck
1335,struggle
2208,struggle
4634,struggle
5950,struggle
4158,struggle
4311,struggle
6053,struggle
3379,stuck
1041,students
2617,students
3177,students
3068,study
450,stuns
1055,subdued
3419,submarine
4638,submarine
728,subsides
1500,success
880,sudanese
3664,sudden
5319,sues
2552,suffer
3552,suffer
1334,suggests
5228,suggests
5452,suggests
4646,suhaila
2614,suicide
4651,suicide
4478,suit
3571,sullivan
5164,sullivan
3344,summer
1591,summit
6081,summoned
441,superpower
3194,superpower
2894,superwomen
479,supply
304,support
1566,support
4164,support
4176,support
4631,support
5067,support
3980,support
3741,supremacy
4541,supreme
4660,supreme
3294,surfaces
355,surge
3345,surge
1754,surrender 
487,surrender 
551,surrender 
2123,survive
2960,survive
758,survive
1188,survive
374,suspect
2291,suspect
3905,suspect
5420,suspect
5644,suspect
4365,suspect
4667,suspect
5259,swabs
3001,swaggering
679,swap
708,swap
2042,swath
3969,sway
4860,sweep
1693,sweeping
4767,swift
502,swimmer’s
4674,swing
6065,swing
1446,symbol
1007,syria
2148,syria
2155,syria
5609,syria
5772,syria
5859,syria
987,tactics
256,takeaways
261,takeaways
3974,takeover
4869,takeover
5083,takeover
5162,takeover
3753,taker
5593,taker
310,takes
1204,takes
1805,takes
1889,takes
2944,takes
3748,takes
4262,takes
5459,takes
5789,takes
5978,takes
6179,takes
377,tale
3366,tale
92,taliban
259,taliban
396,taliban
404,taliban
430,taliban
474,taliban
488,taliban
508,taliban
552,taliban
556,taliban
576,taliban
618,taliban
665,taliban
703,taliban
711,taliban
749,taliban
757,taliban
779,taliban
812,taliban
816,taliban
950,taliban
982,taliban
997,taliban
1173,taliban
1284,taliban
1292,taliban
1299,taliban
1305,taliban
1311,taliban
1395,taliban
1444,taliban
1997,taliban
2083,taliban
2124,taliban
2195,taliban
2207,taliban
2229,taliban
2258,taliban
2263,taliban
2318,taliban
2461,taliban
2555,taliban
2657,taliban
2697,taliban
2716,taliban
2747,taliban
2879,taliban
3170,taliban
3192,taliban
3209,taliban
3223,taliban
3310,taliban
3336,taliban
3427,taliban
3587,taliban
3666,taliban
3682,taliban
3916,taliban
3973,taliban
4125,taliban
4473,taliban
4481,taliban
4531,taliban
4540,taliban
4681,taliban
4688,taliban
4696,taliban
4704,taliban
4710,taliban
4718,taliban
4725,taliban
4734,taliban
4742,taliban
4749,taliban
4754,taliban
4761,taliban
4769,taliban
4779,taliban
4787,taliban
4793,taliban
4801,taliban
4807,taliban
4815,taliban
4821,taliban
4827,taliban
4835,taliban
4844,taliban
4851,taliban
4859,taliban
4864,taliban
4868,taliban
4874,taliban
4879,taliban
4946,taliban
5012,taliban
5039,taliban
5065,taliban
5070,taliban
5075,taliban
5082,taliban
5089,taliban
5152,taliban
5154,taliban
5161,taliban
5436,taliban
5508,taliban
5657,taliban
5704,taliban
5784,taliban
5889,taliban
5927,taliban
6028,taliban
6091,taliban
6116,taliban
6175,taliban
1688,taliban
5093,taliban
6117,taliban
1516,talk
5499,talk
580,talk
602,talk
650,talk
669,talk
675,talk
713,talk
802,talk
821,talk
1384,talk
1538,talk
2233,talk
2982,talk
3046,talk
4702,talk
4907,talk
4945,talk
4985,talk
5254,talk
6062,talk
6200,talk
4888,tammy
1702,tap
4894,tap
3544,tape
919,tap
1812,tap
3126,tap
1242,target
1282,target
4901,target
5142,target
3712,target
2020,target
5785,target
2728,tarnished
5477,task
2305,taste
3180,taught
3649,taxes
1127,team
1916,team
2545,team
2692,team
4429,team
5333,temporary
43,temporary
3777,temporary
4183,temporary
3195,tenacity
4906,tense
5808,tension
1078,tense
5897,tense
5905,tense
3484,tents
3244,territories
155,terror
240,terror
2880,terror
373,terror
1778,terror
6156,terror
1684,terror
1953,terror
2910,terror
3559,terror
2111,terror
94,terror
4903,terror
1364,test
1497,test
2366,test
2497,test
4388,test
2816,test
1726,test
2325,test
2718,test
3468,test
5183,texas
357,theories
12,therapy
5163,thomas
95,thousands
268,thousands
1227,thousands
1648,thousands
4572,thousands
5171,thousands
5178,thousands
5185,thousands
3996,thrall
2237,threat
2741,threat
3105,threat
3560,threat
3566,threat
4509,threat
4724,threat
5968,threat
2911,threat
5190,threat
5062,throw 
4525,throw 
4498,thwarting
6171,ticket
2722,tie 
850,tie 
1082,tie 
2560,tie 
2568,tie 
3620,tie 
5146,tie 
1312,tighten
1680,tighten
4812,tighten
3926,tighten
1882,time
3629,time
5283,time
874,time
4071,time
5222,time
5231,time
2863,tiny
319,tips
147,toes
3144,tokyo
1067,toll
1360,toll
3275,toll
5471,toll
5685,toll
3914,tone
5791,tone
518,top
526,top
870,top
2126,top
2167,top
2843,top
2917,top
3801,top
3834,top
4555,top
4707,top
5277,top
5284,top
5291,top
3071,top
3308,top
143,torn
1145,torture
2110,torture
3008,torture
5007,torture
3654,torture
4130,torture
6043,torture
1555,tough
1764,tough
5790,tougher
1836,tours
3363,towers
220,town
386,town
547,town
4431,traces
2909,tracking
1537,trade
3273,trade
3298,trade
1653,tragedy
4095,tragic
6017,trail
516,trained
2736,training
5648,training
4286,transcript
5295,transcript
685,transfer
5557,transfer
1560,transfer
4673,transfer
534,transfixed
5931,transforms
1815,transportation
5189,trapped
471,trauma
318,travel
383,travel
1266,travel
5805,travel
1000,tread
1872,treasury
1852,treated
1620,treatment
1585,treaty
1699,treaty
1378,trek
2215,trial
5308,trial
1001,tricky
5301,trifecta
426,trip
1550,troop
3881,troop
4114,troop
4731,troop
5500,troop
5550,troop
5582,troop
5797,troop
5825,troop
5974,troop
524,troop
856,troop
1084,troop
1338,troop
1347,troop
1632,troop
1744,troop
1747,troop
1831,troop
2604,troop
2613,troop
2828,troop
3201,troop
3845,troop
4170,troop
4211,troop
4224,troop
4283,troop
4425,troop
4588,troop
4659,troop
4694,troop
4791,troop
5247,troop
5368,troop
5381,troop
5400,troop
5408,troop
5424,troop
5433,troop
5485,troop
5660,troop
5675,troop
5719,troop
5765,troop
5771,troop
5814,troop
5822,troop
5830,troop
5834,troop
5840,troop
4013,troubled
2012,troubling
2713,troubling
61,trump
539,trump
568,trump
954,trump
964,trump
991,trump
1068,trump
1260,trump
1438,trump
1612,trump
1627,trump
1753,trump
2008,trump
2056,trump
2581,trump
2679,trump
2688,trump
2857,trump
2970,trump
3029,trump
3036,trump
3077,trump
3117,trump
3327,trump
3637,trump
3756,trump
3770,trump
3849,trump
3862,trump
3981,trump
4357,trump
4375,trump
4825,trump
4896,trump
5309,trump
5317,trump
5324,trump
5331,trump
5339,trump
5346,trump
5354,trump
5361,trump
5371,trump
5378,trump
5385,trump
5392,trump
5398,trump
5402,trump
5410,trump
5418,trump
5425,trump
5434,trump
5438,trump
5444,trump
5451,trump
5458,trump
5465,trump
5472,trump
5479,trump
5484,trump
5642,trump
5793,trump
6210,trump
6221,trump
497,trump
2803,trump
2827,trump
2902,trump
3103,trump
3134,trump
3510,trump
4228,trump
4252,trump
4505,trump
5280,trump
5307,trump
5493,trump
5497,trump
5506,trump
5512,trump
5521,trump
5528,trump
5534,trump
5540,trump
5548,trump
5947,trump
6057,trump
307,turkey
719,turkey
5792,turkey
1409,turkey
4628,turnout
2353,tutoring
1474,tweet
5466,tweet
5549,tweet
4520,twenty
1729,u.k
2073,u.k
3661,u.k
5559,u.k
5567,u.k
417,u.n
1324,u.n
1452,u.n
2251,u.n
2689,u.n
3531,u.n
3595,u.n
3954,u.n
4031,u.n
4269,u.n
4774,u.n
5348,u.n
5731,u.n
5740,u.n
7,u.s
40,u.s
103,u.s
193,u.s
232,u.s
257,u.s
278,u.s
287,u.s
391,u.s
475,u.s
523,u.s
585,u.s
594,u.s
616,u.s
622,u.s
686,u.s
764,u.s
826,u.s
834,u.s
851,u.s
855,u.s
983,u.s
1015,u.s
1079,u.s
1111,u.s
1263,u.s
1295,u.s
1317,u.s
1330,u.s
1337,u.s
1346,u.s
1353,u.s
1362,u.s
1397,u.s
1402,u.s
1631,u.s
1665,u.s
1743,u.s
1760,u.s
1866,u.s
2043,u.s
2181,u.s
2206,u.s
2238,u.s
2346,u.s
2442,u.s
2452,u.s
2603,u.s
2610,u.s
2632,u.s
2664,u.s
2674,u.s
2724,u.s
2755,u.s
2913,u.s
3096,u.s
3175,u.s
3197,u.s
3224,u.s
3236,u.s
3264,u.s
3333,u.s
3418,u.s
3422,u.s
3567,u.s
3584,u.s
3639,u.s
3667,u.s
3673,u.s
3703,u.s
3749,u.s
3781,u.s
3840,u.s
3844,u.s
3915,u.s
3964,u.s
4059,u.s
4154,u.s
4210,u.s
4223,u.s
4321,u.s
4385,u.s
4415,u.s
4424,u.s
4462,u.s
4511,u.s
4574,u.s
4577,u.s
4587,u.s
4594,u.s
4602,u.s
4617,u.s
4658,u.s
4689,u.s
4831,u.s
4842,u.s
4862,u.s
4871,u.s
4886,u.s
4910,u.s
4994,u.s
5008,u.s
5059,u.s
5086,u.s
5099,u.s
5145,u.s
5187,u.s
5224,u.s
5239,u.s
5246,u.s
5273,u.s
5292,u.s
5298,u.s
5369,u.s
5423,u.s
5448,u.s
5572,u.s
5576,u.s
5580,u.s
5587,u.s
5594,u.s
5602,u.s
5610,u.s
5619,u.s
5625,u.s
5631,u.s
5638,u.s
5646,u.s
5653,u.s
5658,u.s
5663,u.s
5672,u.s
5679,u.s
5687,u.s
5694,u.s
5700,u.s
5708,u.s
5714,u.s
5722,u.s
5729,u.s
5738,u.s
5746,u.s
5755,u.s
5762,u.s
5769,u.s
5775,u.s
5782,u.s
5788,u.s
5795,u.s
5802,u.s
5810,u.s
5816,u.s
5823,u.s
5829,u.s
5833,u.s
5839,u.s
5845,u.s
5853,u.s
5860,u.s
5868,u.s
5875,u.s
5882,u.s
5887,u.s
5894,u.s
5902,u.s
5973,u.s
6022,u.s
6042,u.s
6069,u.s
6133,u.s
6188,u.s
910,u.s.a.i.d
5112,uganda
5910,uganda
428,ukraine
1570,ukraine
5918,ukraine
235,unauthorized
2105,uncensors
3302,unceremonious
204,uncertain
839,uncertain
1344,uncertain
2049,uncertain
2720,uncertain
615,uncertain
150,underground
2250,underline
700,undermined
3861,undo
984,uneasy
6032,uneasy
2075,unfazed
2903,unfinished
4298,unfinished
1176,unfolds
1187,unfolds
717,unfriendly
4438,unite
3705,unite
328,unite
1575,unite
3607,unite
4203,unite
1389,university
1039,university
3019,university
3074,university
5552,unnerve
4027,unplayed
831,unraveling
3843,unravels
5530,unread
1181,unreality
1442,unrest
1856,unshakable
3497,unsuspecting
5937,unvaccinated
1773,update
3437,uprisings
2052,uproar
5355,uproar
1574,urge
3822,urge
510,urge
5781,urge
5846,urge
2231,urge
5261,users
746,uyghurs
684,uzbekistan
4035,vacate
5217,vaccinate
1940,vaccinate
6051,vaccinate
6083,vaccinate
1499,vaccine
1936,vaccine
3373,vaccine
3473,vaccine
3995,vaccine
4468,vaccine
5481,vaccine
5018,vaccine
4738,valley
1961,values
69,vanish
5195,vanish
2627,vanish
6055,variant
1451,veils
1117,venezuela
2985,venezuela
3892,venezuela
14,veterans
98,veterans
110,veterans
139,veterans
368,veterans
1676,veterans
2133,veterans
2812,veterans
4892,veterans
5520,veterans
5861,veterans
5933,veterans
5942,veterans
5949,veterans
3104,veto
3124,veto
3135,veto
4508,veto
753,vice
6006,vice
2893,victims
3158,victims
5955,victims
137,victory
540,victory
899,victory
949,victory
1842,victory
1897,victory
4060,victory
4878,victory
5072,victory
81,video
809,video
267,vietnam
5053,vietnam
5953,vietnam
109,vietnam
5862,view
2375,view
5525,view
5948,view
5960,vigilantes
5963,vigilantes
6080,vigilantes
1417,village
3270,village
4310,village
2468,violate
4880,violate
2327,violence
3924,violence
4778,violence
4826,violence
4855,violence
5586,violence
5707,violence
5851,violence
5966,violence
5971,violence
2489,violence
4939,virginia
6050,virginia
2324,virginity
3467,virginity
30,virus
1359,virus
3356,virus
4383,virus
5103,virus
5977,virus
5470,virus
761,visa
4569,visa
4935,visa
2403,visa
3092,visa
3701,visa
5118,vise
867,visible
236,visit
5636,visit
4942,visit
2977,visit
1848,visit
4110,visit
782,vital
3185,voice
2135,void
5289,vote
5916,vote
962,vote
972,vote
4630,vote
5985,vote
6063,vote
3132,vote
5992,vote
1597,vote
3647,vow
1855,vow
4740,vow
1467,vulnerable
2451,wait
5597,wait
765,wait
5997,waiving
89,wake
2953,walk
4554,walk
3835,walk
710,wall
2870,walmart
1849,walter
6004,walter
5114,wanes
29,war
68,war
86,war
102,war
134,war
141,war
239,war
272,war
342,war
453,war
545,war
659,war
770,war
806,war
823,war
928,war
956,war
966,war
1026,war
1130,war
1241,war
1387,war
1489,war
1495,war
1635,war
1683,war
1714,war
1777,war
1884,war
1931,war
2220,war
2332,war
2337,war
2347,war
2363,war
2462,war
2475,war
2481,war
2739,war
3067,war
3120,war
3157,war
3231,war
3240,war
3263,war
4106,war
4393,war
4521,war
5036,war
5045,war
5049,war
5054,war
5100,war
5128,war
5210,war
5545,war
5818,war
5838,war
5869,war
5936,war
5954,war
6018,war
6026,war
6086,war
6131,war
2874,ward
791,warfare
387,warily
486,warlord
2230,warm
3523,warn
4206,warn
4220,warn
4582,warn
2809,warn
1509,warn
3923,warn
418,warn
520,warn
1264,warn
1862,warn
2675,warn
2907,warn
3956,warn
6110,warn
1272,war
1368,war
1636,war
1810,war
3411,war
5727,war
3885,war
4124,wary
4359,wary
444,washington
3432,washington
3438,washington
4410,washington
6030,washington
6035,washington
195,watch
3744,watchdog
2788,watching
5461,watergate
18,wave
549,wave
5343,wave
2889,weak
491,weakness
2864,wealthy
4159,wean
462,weapon
87,weary
3220,weather
555,week
671,week
2252,week
3443,week
4447,week
2833,week
2968,week
4840,week
2078,weigh
6039,weigh
4166,weigh
4173,weigh
5876,weigh
126,welcomed
6045,welcomed
1527,west
2965,west
3888,west
4264,west
5396,west
5720,west
6049,west
5110,west
4236,west
1674,white
2418,white
3307,white
3502,white
3740,white
4564,white
4957,white
6094,white
6101,white
6108,white
1825,widen
454,widows
3271,widows
861,wild
960,win
970,win
1369,wind
1807,wind
2609,wind
6212,wind
5615,wind
5043,win 
858,withdraw
1745,withdraw
1829,withdraw
4692,withdraw
5380,withdraw
522,withdraw
1787,withdraw
1881,withdraw
1905,withdraw
2222,withdraw
3291,withdraw
3331,withdraw
3709,withdraw
3825,withdraw
3882,withdraw
4086,withdraw
4155,withdraw
4578,withdraw
4843,withdraw
5282,withdraw
5299,withdraw
5583,withdraw
5712,withdraw
5777,withdraw
5975,withdraw
5501,withdraw
5551,withdraw
1759,withdraw
1163,withdraw
1354,withdraw
4595,withdraw
5304,witness
3735,wolves
527,women
2729,women
6217,women
131,women
402,women
511,women
767,women
897,women
1086,women
1392,women
1870,women
2450,women
2746,women
2819,women
3339,women
3675,women
4753,women
5134,women
5141,women
5211,women
5216,women
3732,women
4782,women
4846,women
5193,women
5090,won
2591,wonders
3444,words
251,workers
365,workers
995,workers
1951,workers
3377,workers
77,world
535,world
1037,world
1101,world
1434,world
2244,world
2303,world
2316,world
2770,world
2861,world
3857,world
3870,world
4955,world
4982,world
5117,world
5744,world
6162,world
6172,world
1221,world
3204,world
5095,world
4057,world
5901,world
5909,world
348,worry
2221,worry
4576,worry
4328,worry
2696,worse
3038,worshiped
769,worst
992,wounded
932,wreak
5888,wrestles
5372,written
325,wrong
1198,xi
4080,yellow
6025,yemen
79,youth
3928,zealand
2850,zone
5546,zone
